insert into hg_parametros  values ('admin_correo', 'Correos de los administradores','lcorrea@yachay.gob.ec');
insert into hg_parametros  values ('envio_mail', 'Dirección de Servicio Web ','http://yachay-ws.yachay.gob.ec/email');
insert into hg_parametros  values ('find_personas', 'Buscar persona','http://yachay-ws.yachay.gob.ec/data/WSPersonaEntity/dni=');
insert into hg_parametros  values ('id_ws_mail', 'ID para envio del correo','sof_solutions');
insert into hg_parametros  values ('login_ws', 'Direccion de servicio para web login','http://10.1.0.115:8080/app-permisos/WSLogin/postPermisos');

INSERT  INTO hg_guardias   values ('1001687951','CRISTOBAL RENE','VALENCIA TORRES','1966-01-11','urcuqui','M','b+','981493786','969672507','cristobalvalencia710@gmail.com','urcuqui','Casado','A',FALSE,FALSE,FALSE,null,null,FALSE,null,FALSE,FALSE);
INSERT  INTO hg_guardias   values ('1001826740','JHONY SALOMON','CONGO VILLALVA','1968-06-13','IBARRA','M','O+','999999999','994820926','jhoncongo@gmail.com','Ibarra','Casado','A',FALSE,FALSE,FALSE,null,null,FALSE,null,FALSE,FALSE);
INSERT  INTO hg_guardias   values ('1001882057','ELSA MARIA','CASTRO ROSERO','1972-03-05','ibarrra','F','O+','999999999','987942611','elsicastro12@hotmail.com','Ibarra','Divorciado','A',FALSE,FALSE,FALSE,null,null,FALSE,null,FALSE,FALSE);
INSERT  INTO hg_guardias   values ('1002001962','LUIS IVAN','RAMOS ANRANGO','1970-12-22','Urcuqui','M','o+','999999999','986428744','ramosanrango1970@gmail.com','Urcuqui','Casado','A',FALSE,FALSE,FALSE,null,null,FALSE,null,FALSE,FALSE);
INSERT  INTO hg_guardias   values ('1002083390','JOSE MIGUEL','DIAS RAMOS','1971-06-13','Urcuqui','M','O+','999999999','939192117','jose1971diaz1@gmail.com','URCUQUI','Casado','A',FALSE,FALSE,FALSE,null,null,FALSE,null,FALSE,FALSE);
INSERT  INTO hg_guardias   values ('1002208393','MANUEL','TUPIZA VARGAS','1974-09-03','urcuqui','M','o+','999999999','988967835','correo4@yachay.com','urcuqui','Casado','A',FALSE,FALSE,FALSE,null,null,FALSE,null,FALSE,FALSE);
INSERT  INTO hg_guardias   values ('1002433595','EDISON PATRICIO','FLORES IPIALES','1981-12-25','Urcuqui','M','B+','999999999','993523106','edyflores2015@oulook.es','tumbabiro','Casado','A',FALSE,FALSE,FALSE,null,null,FALSE,null,FALSE,FALSE);
INSERT  INTO hg_guardias   values ('1002463758','LUIS GERMAN','PEÑA FONTE','1972-06-09','URCUQUI','M','O+','999999999','994238341','fontepluis72@hotrmail.com','urucuqui','Casado','A',FALSE,FALSE,FALSE,null,null,FALSE,null,FALSE,FALSE);
INSERT  INTO hg_guardias   values ('1002548970','WILSON RENE','BALSECA AGUIRRE','1978-01-01','Urcuqui','M','A-','997338294','990107165','rene15enerp@hotmail.com','Ibarra','Casado','A',FALSE,FALSE,FALSE,null,null,TRUE,null,FALSE,FALSE);
INSERT  INTO hg_guardias   values ('1002554283','FREDDY DAVID','FERIGRA ROSERO','1984-04-07','S/N','M','O+','999999999','986282317','freddyrosero2015@hotmail.com','salinas','Casado','A',FALSE,FALSE,FALSE,null,null,TRUE,null,FALSE,FALSE);
INSERT  INTO hg_guardias   values ('1002572228','LUIS EDMUNDO','ALCUASER RODRIGUEZ','2016-09-15','S/N','M','O+','999999999','999223268','luisalcuaser12@gmail.com','urcuqui','Casado','A',FALSE,FALSE,FALSE,null,null,FALSE,null,FALSE,FALSE);
INSERT  INTO hg_guardias   values ('1002657995','JUAN JOSE','IMBAQUINGO ESPINOSA','1979-10-07','Urcuqui','M','O+','999999999','979699099','juan1979espinosa@gmail.com','URCUQUI','Casado','A',FALSE,FALSE,FALSE,null,null,FALSE,null,FALSE,FALSE);
INSERT  INTO hg_guardias   values ('1002737342','JORGE ANIBAL','MALES YACELGA','1978-03-13','IBARRA','M','O+','999999999','939060356','georgemales.ya@hotmail.com','Ibarra','Soltero','A',FALSE,FALSE,FALSE,null,null,FALSE,null,FALSE,FALSE);
INSERT  INTO hg_guardias   values ('1002769980','SEGUNDO ALFREDO','ANRANGO FARINANGO','1978-06-05','Urcuquí','M','O+','999999999','9999999999','abc@gmail.com','S/N','Casado','A',FALSE,FALSE,FALSE,null,null,FALSE,null,FALSE,FALSE);
INSERT  INTO hg_guardias   values ('1002846416','DIANA LETICIA','DELGADO VALVERDE','1979-10-13','Urcuqui','F','A+','999999999','999689651','delgadodiana247@yahoo.com','URCUQUI','Soltero','A',TRUE,FALSE,TRUE,null,null,FALSE,null,FALSE,FALSE);
INSERT  INTO hg_guardias   values ('1002988309','MARIA GABRIELA','RODRIGUEZ MUENTES','1983-05-25','Natabuela','F','b+','999999999','983677585','gabrielachinitarodriguez_@hotmail.com','Natabuela','Soltero','A',TRUE,FALSE,TRUE,null,null,FALSE,null,TRUE,FALSE);
INSERT  INTO hg_guardias   values ('1003005137','DARWIN ALEJANDRO','RUIZ RESTREPO','1986-09-05','Urcuqui','M','a+','999999999','999999999','ruizalejandro13@yahoo.es','Cuatro Esquinas','Soltero','A',FALSE,FALSE,FALSE,null,null,FALSE,null,FALSE,FALSE);
INSERT  INTO hg_guardias   values ('1003006150','EDWIN RAFAEL','MALES RUIZ','1983-11-18','Urcuqui','M','O+ç','999999999','989505054','eugym@hotmail.com','URCUQUI','Casado','A',FALSE,FALSE,FALSE,null,null,TRUE,null,FALSE,FALSE);
INSERT  INTO hg_guardias   values ('1003046701','EDISON FERNANDO','MINA MALES','1991-03-06','Urcuqui','M','O+','999999999','968822437','fernandomina885@gmail.com','URCUQUI','Soltero','A',FALSE,FALSE,FALSE,null,null,TRUE,null,FALSE,FALSE);
INSERT  INTO hg_guardias   values ('1003047634','CARLOS ALFREDO','DE LA CRUZ DELGADO','1989-11-05','URCUQUI','M','O+','999999999','986700257','delgado89carlos@hotmail.com','URCUQUI','Soltero','A',FALSE,FALSE,FALSE,null,null,FALSE,null,FALSE,FALSE);
INSERT  INTO hg_guardias   values ('1003049820','FAUSTO','PADILLA PADILLA','2016-12-25','URCUQUI','M','O+','999999999','991776327','correo10@yachay.com','URCUQUI','Soltero','A',FALSE,FALSE,FALSE,null,null,FALSE,null,FALSE,FALSE);
INSERT  INTO hg_guardias   values ('1003108634','SEGUNDO SANTIAGO','PAEZ ZAPATA','1985-07-19','URCUQUI','M','A+','999999999','992983691','segundopaez@hotmail.com','URCUQUI','Casado','A',FALSE,FALSE,FALSE,null,null,FALSE,null,FALSE,FALSE);
INSERT  INTO hg_guardias   values ('1003127857','FAUSTO MANUEL','NAVARRETE VACA','1982-10-15','Urcuqui','M','A+','999999999','993546111','gatogato1233@gmail.com','URCUQUI','Casado','A',FALSE,FALSE,FALSE,null,null,TRUE,null,FALSE,FALSE);
INSERT  INTO hg_guardias   values ('1003378807','WILLIAM ARTURO','QUILCA GUAGALANGO','1986-12-04','Urcuqui','M','O+','999999999','997921747','william_quilca@hotmail.com','Urcuqui','Casado','A',FALSE,FALSE,FALSE,null,null,FALSE,null,FALSE,FALSE);
INSERT  INTO hg_guardias   values ('1003403548','CARLOS SEGUNDO','PILACUAN POZO','1980-09-28','URCUQUI','M','O+','999999999','968345046','carlospozo1980@hotmail.com','URCUQUI','Casado','A',TRUE,FALSE,TRUE,null,null,FALSE,null,FALSE,FALSE);
INSERT  INTO hg_guardias   values ('1003447230','JOSE ANGHELO','TUZA IMBAQUINGO','1991-06-12','urcuqui','M','o+','999999999','989383249','linkfaster1991@gmail.com','urcuqui','Soltero','A',FALSE,FALSE,FALSE,null,null,FALSE,null,FALSE,FALSE);
INSERT  INTO hg_guardias   values ('1003457585','SILVIA MARIBEL','ANDRADE ANDRADE','1986-03-09','S/N','F','S/N','999999999','992780202','correo@yachay.com','SAN BLAS','Soltero','A',FALSE,FALSE,FALSE,null,null,FALSE,null,FALSE,FALSE);
INSERT  INTO hg_guardias   values ('1003471735','MILTON ROBERTO','ANDRADE SANCHEZ','1988-07-24','URCUQUI','M','O+','999999999','982936696','robertoandrade199024@gmail.com','ÁRMAS TOLA','Casado','A',TRUE,FALSE,TRUE,null,null,FALSE,null,FALSE,FALSE);
INSERT  INTO hg_guardias   values ('1003486964','OLGA MARIELA','IMBAQUINGO RAMOS','1987-04-13','Urcuqui','F','O+','999999999','939559880','marielaimbaquingo@gmail.com','URCUQUI','Soltero','A',FALSE,FALSE,FALSE,null,null,FALSE,null,FALSE,FALSE);
INSERT  INTO hg_guardias   values ('1003529003','DAVID GONZALO','SUAREZ BENAVIDES','1992-03-26','Tumbabiro','M','o+','999999999','993625899','davievelin_1234@hotmail.com','Tumbabiro','Soltero','A',FALSE,FALSE,FALSE,null,null,FALSE,null,FALSE,FALSE);
INSERT  INTO hg_guardias   values ('1003541933','JUAN MIGUEL','QUIGUANGO FERNANDEZ','1991-10-31','Urcuqui','M','A+','999999999','990339916','juanmgf@hotmail.com','Urcuqui','Soltero','A',FALSE,FALSE,FALSE,null,null,TRUE,null,FALSE,FALSE);
INSERT  INTO hg_guardias   values ('1003630678','EDWIN RENE','GALLEGOS CRUZ','1987-02-23','Urcuqui','M','A+','999999999','985048802','bunburywin@gmail.com','cuatro esquina','Casado','A',FALSE,FALSE,FALSE,null,null,FALSE,null,FALSE,FALSE);
INSERT  INTO hg_guardias   values ('1003638168','DIEGO RENE','VALENCIA CAZAR','1989-11-23','urcuqui','M','b+','999999999','982422819','correo1@yachay.com','urcuqui','Casado','A',FALSE,FALSE,FALSE,null,null,FALSE,null,FALSE,FALSE);
INSERT  INTO hg_guardias   values ('1003639117','JUAN CARLOS','YAR BENAVIDES','1988-05-18','ibarra','M','o+','999999999','989715145','juancarlosyar1023@hotmail.com','ibarra','Casado','A',TRUE,FALSE,TRUE,null,null,FALSE,null,FALSE,FALSE);
INSERT  INTO hg_guardias   values ('1003761002','DIEGO ARMANDO','RAMOS ANRANGO','1980-09-29','Urcuqui','M','0+','999999999','995673608','diegoramo@gmail.com','Armas Tola','Soltero','A',FALSE,FALSE,FALSE,null,null,TRUE,null,FALSE,FALSE);
INSERT  INTO hg_guardias   values ('1003762612','LUIS ROLANDO','FLORES RAMOS','1988-08-03','urucuqi','M','O+','999999999','959910059','correo7@yachay.com','armas tola','Soltero','A',FALSE,FALSE,FALSE,null,null,FALSE,null,FALSE,FALSE);
INSERT  INTO hg_guardias   values ('1003766167','ARMANDO JAVIER','FLORES RAMOS','1990-09-19','Urcuqui','M','O+','999999999','990572653','armandoflores1990@hotmail.com','ara mas tola','Casado','A',FALSE,FALSE,FALSE,null,null,FALSE,null,FALSE,FALSE);
INSERT  INTO hg_guardias   values ('1003766175','ADRIAN ARTURO','RAMOS IMBAQUINGO','1991-09-14','Urcuqui','M','o+','999999999','985548040','ramosadrian1491@gmail.com','Urcuqui','Casado','A',FALSE,FALSE,FALSE,null,null,FALSE,null,FALSE,FALSE);
INSERT  INTO hg_guardias   values ('1003895727','LUIS ABDON','ESPIN ARIAS','1989-10-04','Urcuqui','M','O+','999999999','989154247','espinl159@gmail.com','tumbabiro','Soltero','A',FALSE,FALSE,FALSE,null,null,FALSE,null,FALSE,FALSE);
INSERT  INTO hg_guardias   values ('1003898093','DIEGO FERNANDO','PONCE VALENCIA','1988-08-19','Urcuqui','M','o+','999999999','989063083','diegoponcevalencia@gmail.com','Urcuqui','Soltero','A',TRUE,FALSE,TRUE,null,null,FALSE,null,FALSE,FALSE);
INSERT  INTO hg_guardias   values ('1003909924','MILTON ANDRES','RODRIGUEZ MUENTES','1990-10-07','Urcuqui','M','b+','999999999','986827838','Milton_arodriguez_@hotmail.com','San Antonio','Soltero','A',TRUE,FALSE,TRUE,null,null,FALSE,null,FALSE,FALSE);
INSERT  INTO hg_guardias   values ('1003910443','WALTER ARMANDO','SALAZAR ANRANGO','1986-11-10','Urcuqui','M','o+','999999999','997733891','armandow86@hotmail.com','Urcuqui','Casado','A',FALSE,FALSE,FALSE,null,null,FALSE,null,FALSE,FALSE);
INSERT  INTO hg_guardias   values ('1003949474','LUIS DAVID','MORENO VALLEJOS','1990-03-13','urcuqui','M','O+','999999999','999999999','correo9@yachay.com','URCUQUI','Soltero','A',TRUE,FALSE,TRUE,null,null,FALSE,null,FALSE,FALSE);
INSERT  INTO hg_guardias   values ('1004043954','JUAN CARLOS','GUERRERO BASTIDAS','1990-05-30','Urcuqui','M','B+','999999999','9999999999','jjuanguerrero30@gamail.com','santa rosa','Soltero','A',TRUE,FALSE,TRUE,null,null,FALSE,null,FALSE,FALSE);
INSERT  INTO hg_guardias   values ('1004117048','JOSE ELIAS','ESCALANTE SALAZAR','1989-08-28','Urcuqui','M','O+','999999999','990310848','jose.escalante1@hotmail.com','armas tola','Soltero','A',FALSE,FALSE,FALSE,null,null,TRUE,null,FALSE,FALSE);
INSERT  INTO hg_guardias   values ('1004126742','LUIS MIGUEL','SALAZAR DE LA CRUZ','1994-04-13','urcuqui','M','o+','999999999','985468671','crissfercho@gmail.com','San Antonio','Soltero','A',FALSE,FALSE,FALSE,null,null,FALSE,null,FALSE,FALSE);
INSERT  INTO hg_guardias   values ('1004131668','LUIS ALFONSO','GUAGALANGO ALBA','1993-08-12','Urcuqui','M','O+','999999999','994160285','albaluis125@Gmail.com','urucuqi','Soltero','A',FALSE,FALSE,FALSE,null,null,FALSE,null,FALSE,FALSE);
INSERT  INTO hg_guardias   values ('1004153928','KEVIN RAFAEL','FLORES TUQUERES','1995-09-23','Urcuqui','M','O+','999999999','988046820','Kevinrafael7894@hotmail.com','URCUQUI','Soltero','A',FALSE,FALSE,FALSE,null,null,FALSE,null,FALSE,FALSE);
INSERT  INTO hg_guardias   values ('1004185342','LUIS PABLO','CARRERA GUAGALANGO','1992-05-28','Urcuqui','M','O+','999999999','969647645','pabloc72011@hotmail.com','Iruguincho','Soltero','A',FALSE,FALSE,FALSE,null,null,FALSE,null,FALSE,FALSE);
INSERT  INTO hg_guardias   values ('1004186548','PATRICIO EDGAR','VALVERDE RAMOS','1994-07-04','urcuqui','M','o+','990795161','985468671','patricio-123-123@hotmail.com','urcuqui','Soltero','A',FALSE,FALSE,FALSE,null,null,FALSE,null,FALSE,FALSE);
INSERT  INTO hg_guardias   values ('1004193908','PABLO MANUEL','CHANCOSA ESCANTA','1995-05-10','Urcuqui','M','A+','999999999','988241697','pabloenduro22@hotmail.com','URCUQUI','Soltero','A',FALSE,FALSE,FALSE,null,null,FALSE,null,FALSE,FALSE);
INSERT  INTO hg_guardias   values ('1004363188','JONATHAN DAVID','CARDONA FLORES','1992-04-08','S/N','M','O+','999999999','988587662','jondavtuvy@hotmail.com','los nogales','Soltero','A',FALSE,FALSE,FALSE,null,null,TRUE,null,FALSE,FALSE);
INSERT  INTO hg_guardias   values ('1004437859','ALEX MARCELO','QUILCA RAMOS','1991-02-05','Urcuqui','M','o+','999999999','968653458','acuario570@gmail.com','Urcuqui','Soltero','A',FALSE,FALSE,FALSE,null,null,FALSE,null,FALSE,FALSE);
INSERT  INTO hg_guardias   values ('1004473490','DIEGO ARMANDO','DELGADO NARVAEZ','1994-11-14','URCUQUI','M','O+','999999999','994577251','diego94delgado@hotmail.com','LOS ARUPOS','Soltero','A',FALSE,FALSE,FALSE,null,null,FALSE,null,FALSE,FALSE);
INSERT  INTO hg_guardias   values ('1004479075','RICARDO JAVIER','DIAZ NAVARRETE','1994-01-29','Urcuqui','M','B+','999999999','981304640','correo365@yachay.com','SAN ANTONIO','Soltero','A',TRUE,FALSE,TRUE,null,null,FALSE,null,FALSE,FALSE);
INSERT  INTO hg_guardias   values ('1501021958','JUAN MOISES','VARGAS LICUY','1989-04-17','ibarra','M','o+','62547126','979359308','mix.juanka.net@hotmail.com','ibarra','Soltero','A',FALSE,FALSE,FALSE,null,null,FALSE,null,FALSE,FALSE);
INSERT  INTO hg_guardias   values ('1715931265','EDWIN LEONARDO','ZAMBRANO RODRIGUEZ','1978-05-04','urcuqui','M','b+','983677585','991910869','leo-zam2011@hotmail.com','urcuqui','soltero','A',FALSE,FALSE,FALSE,null,null,FALSE,null,FALSE,FALSE);
INSERT  INTO hg_guardias   values ('1721954806','FREDDY OSWALDO','TAPIE CANACUAN','1989-10-27','Urcuqui','M','o+','999999999','990442335','freddy_emo_@hotmail.com','Urcuqui','Soltero','A',FALSE,FALSE,FALSE,null,null,TRUE,null,FALSE,FALSE);
INSERT  INTO hg_guardias   values ('1721960415','LUIS ALEXANDER','CHALEN RODRIGUEZ','1992-10-17','Urcuqui','M','B+','999999999','958888120','alextdady@gmail.com','SAN ANTONIO','Soltero','A',TRUE,FALSE,TRUE,null,null,FALSE,null,FALSE,FALSE);
INSERT  INTO hg_guardias   values ('1723349039','MARIA EUGENIA','TORRES VASQUEZ','1989-03-15','Pablo Arenas','F','o+','999999999','967258185','correo5@yachay.com','Pablo Arenas','Soltero','A',FALSE,FALSE,FALSE,null,null,FALSE,null,FALSE,FALSE);
INSERT  INTO hg_guardias   values ('1723792691','RICHARD RONALD','GUDIÑO DELGADO','1990-06-24','ibarra','M','O+','999999999','939060121','ronaldgud1990@gmail.com','Ibarra','Soltero','A',FALSE,FALSE,FALSE,null,null,FALSE,null,FALSE,FALSE);
INSERT  INTO hg_guardias   values ('400833943','HERNANDEZ ALMEIDA','LUIS FELIPE','1980-04-06','Urcuqui','M','o+','999999999','980592372','ftipanquiza@yachay.gob.ec','Urcuqui','Casado','A',FALSE,FALSE,FALSE,null,null,FALSE,null,FALSE,FALSE);
INSERT  INTO hg_guardias   values ('401431176','JUAN ALBERTO','CUESTAS ORTIZ','1981-10-12','Urcuquí','M','O+','999999999','969525740','def@gmail.com','S/N','Casado','A',FALSE,FALSE,FALSE,null,null,FALSE,null,FALSE,FALSE);

INSERT  INTO hg_lugares values (1,'San Eloy',1,'Urcuquí',FALSE,FALSE,TRUE,TRUE,TRUE,TRUE,TRUE,TRUE,TRUE,'A',9);
INSERT  INTO hg_lugares values (2,'Centro de emprendimiento',1,'Urcuquí',TRUE,FALSE,TRUE,TRUE,TRUE,TRUE,TRUE,TRUE,TRUE,'A',2);
INSERT  INTO hg_lugares values (3,'CCTV',1,'Urcuquí',TRUE,FALSE,TRUE,TRUE,TRUE,TRUE,TRUE,TRUE,TRUE,'A',1);
INSERT  INTO hg_lugares values (4,'Tanques de Agua',1,'Urcuquí',FALSE,FALSE,TRUE,TRUE,TRUE,TRUE,TRUE,TRUE,TRUE,'A',15);
INSERT  INTO hg_lugares values (5,'Instituto',1,'Urcuquí',FALSE,FALSE,TRUE,TRUE,TRUE,TRUE,TRUE,TRUE,TRUE,'A',6);
INSERT  INTO hg_lugares values (6,'Control 1',1,'Urcuquí',FALSE,FALSE,TRUE,TRUE,TRUE,TRUE,TRUE,TRUE,TRUE,'A',7);
INSERT  INTO hg_lugares values (7,'Control 2',1,'Urcuquí',FALSE,FALSE,TRUE,TRUE,TRUE,TRUE,TRUE,FALSE,FALSE,'A',10);
INSERT  INTO hg_lugares values (8,'Rosario',1,'Urcuquí',FALSE,FALSE,TRUE,TRUE,TRUE,TRUE,TRUE,TRUE,TRUE,'A',11);
INSERT  INTO hg_lugares values (9,'Casa Blanca',1,'Urcuquí',FALSE,FALSE,TRUE,TRUE,TRUE,TRUE,TRUE,TRUE,TRUE,'A',8);
INSERT  INTO hg_lugares values (10,'Chalet',1,'Urcuquí',FALSE,FALSE,TRUE,TRUE,TRUE,TRUE,TRUE,TRUE,TRUE,'A',13);
INSERT  INTO hg_lugares values (11,'Ingenio',1,'Urcuquí',FALSE,FALSE,TRUE,TRUE,TRUE,TRUE,TRUE,TRUE,TRUE,'A',5);
INSERT  INTO hg_lugares values (12,'Casas Patrimoniales',1,'Urcuquí',FALSE,FALSE,TRUE,TRUE,TRUE,TRUE,TRUE,TRUE,TRUE,'A',14);
INSERT  INTO hg_lugares values (13,'40 Casas',1,'Urcuquí',FALSE,FALSE,TRUE,TRUE,TRUE,TRUE,TRUE,TRUE,TRUE,'A',12);
INSERT  INTO hg_lugares values (14,'Bloques',1,'Urcuquí',FALSE,TRUE,TRUE,TRUE,TRUE,TRUE,TRUE,TRUE,TRUE,'A',4);
INSERT  INTO hg_lugares values (15,'Centro de enrolamiento',1,'Urcuquí',FALSE,TRUE,TRUE,TRUE,TRUE,TRUE,TRUE,TRUE,TRUE,'A',3);
INSERT  INTO hg_lugares values (16,'Av. Patrimoniales',1,'Urcuquí',FALSE,FALSE,TRUE,TRUE,TRUE,TRUE,TRUE,TRUE,TRUE,'A',16);
INSERT  INTO hg_lugares values (17,'TT1/TT2',1,'Urcuquí',FALSE,FALSE,TRUE,TRUE,TRUE,TRUE,TRUE,TRUE,TRUE,'A',17);

insert into hg_turno  values (1, 'Diurno','07:00:00','15:00:00','A');
insert into hg_turno  values (2, 'Vespertino','15:00:00','23:00:00','A');
insert into hg_turno  values (3, 'Nocturno','23:00:00','07:00:00','A');

INSERT  INTO hg_lugar_turno ( lug_tur, lug_id, tur_id, lug_tur_numero_guardias) values (1,1,1,1);
INSERT  INTO hg_lugar_turno ( lug_tur, lug_id, tur_id, lug_tur_numero_guardias) values (2,1,2,1);
INSERT  INTO hg_lugar_turno ( lug_tur, lug_id, tur_id, lug_tur_numero_guardias) values (3,1,3,1);
INSERT  INTO hg_lugar_turno ( lug_tur, lug_id, tur_id, lug_tur_numero_guardias) values (4,2,1,1);
INSERT  INTO hg_lugar_turno ( lug_tur, lug_id, tur_id, lug_tur_numero_guardias) values (5,2,2,1);
INSERT  INTO hg_lugar_turno ( lug_tur, lug_id, tur_id, lug_tur_numero_guardias) values (6,2,3,1);
INSERT  INTO hg_lugar_turno ( lug_tur, lug_id, tur_id, lug_tur_numero_guardias) values (7,3,1,2);
INSERT  INTO hg_lugar_turno ( lug_tur, lug_id, tur_id, lug_tur_numero_guardias) values (8,3,2,1);
INSERT  INTO hg_lugar_turno ( lug_tur, lug_id, tur_id, lug_tur_numero_guardias) values (9,3,3,1);
INSERT  INTO hg_lugar_turno ( lug_tur, lug_id, tur_id, lug_tur_numero_guardias) values (10,4,1,1);
INSERT  INTO hg_lugar_turno ( lug_tur, lug_id, tur_id, lug_tur_numero_guardias) values (11,4,2,1);
INSERT  INTO hg_lugar_turno ( lug_tur, lug_id, tur_id, lug_tur_numero_guardias) values (12,4,3,1);
INSERT  INTO hg_lugar_turno ( lug_tur, lug_id, tur_id, lug_tur_numero_guardias) values (13,6,1,1);
INSERT  INTO hg_lugar_turno ( lug_tur, lug_id, tur_id, lug_tur_numero_guardias) values (14,6,2,1);
INSERT  INTO hg_lugar_turno ( lug_tur, lug_id, tur_id, lug_tur_numero_guardias) values (15,6,3,1);
INSERT  INTO hg_lugar_turno ( lug_tur, lug_id, tur_id, lug_tur_numero_guardias) values (16,5,1,1);
INSERT  INTO hg_lugar_turno ( lug_tur, lug_id, tur_id, lug_tur_numero_guardias) values (17,5,2,1);
INSERT  INTO hg_lugar_turno ( lug_tur, lug_id, tur_id, lug_tur_numero_guardias) values (18,5,3,1);
INSERT  INTO hg_lugar_turno ( lug_tur, lug_id, tur_id, lug_tur_numero_guardias) values (19,7,1,1);
INSERT  INTO hg_lugar_turno ( lug_tur, lug_id, tur_id, lug_tur_numero_guardias) values (20,8,1,1);
INSERT  INTO hg_lugar_turno ( lug_tur, lug_id, tur_id, lug_tur_numero_guardias) values (21,8,2,1);
INSERT  INTO hg_lugar_turno ( lug_tur, lug_id, tur_id, lug_tur_numero_guardias) values (22,8,3,1);
INSERT  INTO hg_lugar_turno ( lug_tur, lug_id, tur_id, lug_tur_numero_guardias) values (23,9,1,1);
INSERT  INTO hg_lugar_turno ( lug_tur, lug_id, tur_id, lug_tur_numero_guardias) values (24,9,2,1);
INSERT  INTO hg_lugar_turno ( lug_tur, lug_id, tur_id, lug_tur_numero_guardias) values (25,9,3,1);
INSERT  INTO hg_lugar_turno ( lug_tur, lug_id, tur_id, lug_tur_numero_guardias) values (26,10,1,1);
INSERT  INTO hg_lugar_turno ( lug_tur, lug_id, tur_id, lug_tur_numero_guardias) values (27,10,2,1);
INSERT  INTO hg_lugar_turno ( lug_tur, lug_id, tur_id, lug_tur_numero_guardias) values (28,10,3,1);
INSERT  INTO hg_lugar_turno ( lug_tur, lug_id, tur_id, lug_tur_numero_guardias) values (29,11,1,1);
INSERT  INTO hg_lugar_turno ( lug_tur, lug_id, tur_id, lug_tur_numero_guardias) values (30,11,2,1);
INSERT  INTO hg_lugar_turno ( lug_tur, lug_id, tur_id, lug_tur_numero_guardias) values (31,11,3,1);
INSERT  INTO hg_lugar_turno ( lug_tur, lug_id, tur_id, lug_tur_numero_guardias) values (32,12,1,1);
INSERT  INTO hg_lugar_turno ( lug_tur, lug_id, tur_id, lug_tur_numero_guardias) values (33,12,2,1);
INSERT  INTO hg_lugar_turno ( lug_tur, lug_id, tur_id, lug_tur_numero_guardias) values (34,12,3,1);
INSERT  INTO hg_lugar_turno ( lug_tur, lug_id, tur_id, lug_tur_numero_guardias) values (35,13,1,1);
INSERT  INTO hg_lugar_turno ( lug_tur, lug_id, tur_id, lug_tur_numero_guardias) values (36,13,2,1);
INSERT  INTO hg_lugar_turno ( lug_tur, lug_id, tur_id, lug_tur_numero_guardias) values (37,13,3,1);
INSERT  INTO hg_lugar_turno ( lug_tur, lug_id, tur_id, lug_tur_numero_guardias) values (38,14,1,1);
INSERT  INTO hg_lugar_turno ( lug_tur, lug_id, tur_id, lug_tur_numero_guardias) values (39,14,2,1);
INSERT  INTO hg_lugar_turno ( lug_tur, lug_id, tur_id, lug_tur_numero_guardias) values (40,14,3,1);
INSERT  INTO hg_lugar_turno ( lug_tur, lug_id, tur_id, lug_tur_numero_guardias) values (41,15,1,1);
INSERT  INTO hg_lugar_turno ( lug_tur, lug_id, tur_id, lug_tur_numero_guardias) values (42,15,2,1);
INSERT  INTO hg_lugar_turno ( lug_tur, lug_id, tur_id, lug_tur_numero_guardias) values (43,15,3,1);
INSERT  INTO hg_lugar_turno ( lug_tur, lug_id, tur_id, lug_tur_numero_guardias) values (44,16,1,1);
INSERT  INTO hg_lugar_turno ( lug_tur, lug_id, tur_id, lug_tur_numero_guardias) values (45,16,2,1);
INSERT  INTO hg_lugar_turno ( lug_tur, lug_id, tur_id, lug_tur_numero_guardias) values (46,16,3,1);
INSERT  INTO hg_lugar_turno ( lug_tur, lug_id, tur_id, lug_tur_numero_guardias) values (47,17,1,1);
INSERT  INTO hg_lugar_turno ( lug_tur, lug_id, tur_id, lug_tur_numero_guardias) values (48,17,2,1);
INSERT  INTO hg_lugar_turno ( lug_tur, lug_id, tur_id, lug_tur_numero_guardias) values (49,17,3,1);

INSERT  INTO hg_horario_det ( hdet_id, tur_id, lug_id, gua_cedula, hdet_fecha_inicio, hdet_fecha_fin, hdet_hora_inicio, hdet_hora_fin, hdet_estado) values (default,2,16,'400833943','2016-09-26','2016-09-26','00:00:00','00:00:00','A');
INSERT  INTO hg_horario_det ( hdet_id, tur_id, lug_id, gua_cedula, hdet_fecha_inicio, hdet_fecha_fin, hdet_hora_inicio, hdet_hora_fin, hdet_estado) values (default,1,16,'400833943','2016-09-27','2016-09-27','00:00:00','00:00:00','A');
INSERT  INTO hg_horario_det ( hdet_id, tur_id, lug_id, gua_cedula, hdet_fecha_inicio, hdet_fecha_fin, hdet_hora_inicio, hdet_hora_fin, hdet_estado) values (default,3,5,'400833943','2016-09-28','2016-09-28','00:00:00','00:00:00','A');
INSERT  INTO hg_horario_det ( hdet_id, tur_id, lug_id, gua_cedula, hdet_fecha_inicio, hdet_fecha_fin, hdet_hora_inicio, hdet_hora_fin, hdet_estado) values (default,3,11,'400833943','2016-10-01','2016-10-01','00:00:00','00:00:00','A');
INSERT  INTO hg_horario_det ( hdet_id, tur_id, lug_id, gua_cedula, hdet_fecha_inicio, hdet_fecha_fin, hdet_hora_inicio, hdet_hora_fin, hdet_estado) values (default,2,5,'400833943','2016-10-02','2016-10-02','00:00:00','00:00:00','A');
INSERT  INTO hg_horario_det ( hdet_id, tur_id, lug_id, gua_cedula, hdet_fecha_inicio, hdet_fecha_fin, hdet_hora_inicio, hdet_hora_fin, hdet_estado) values (default,3,13,'1001687951','2016-09-26','2016-09-26','00:00:00','00:00:00','A');
INSERT  INTO hg_horario_det ( hdet_id, tur_id, lug_id, gua_cedula, hdet_fecha_inicio, hdet_fecha_fin, hdet_hora_inicio, hdet_hora_fin, hdet_estado) values (default,2,12,'1001687951','2016-09-27','2016-09-27','00:00:00','00:00:00','A');
INSERT  INTO hg_horario_det ( hdet_id, tur_id, lug_id, gua_cedula, hdet_fecha_inicio, hdet_fecha_fin, hdet_hora_inicio, hdet_hora_fin, hdet_estado) values (default,1,16,'1001687951','2016-09-28','2016-09-28','00:00:00','00:00:00','A');
INSERT  INTO hg_horario_det ( hdet_id, tur_id, lug_id, gua_cedula, hdet_fecha_inicio, hdet_fecha_fin, hdet_hora_inicio, hdet_hora_fin, hdet_estado) values (default,3,16,'1001687951','2016-09-29','2016-09-29','00:00:00','00:00:00','A');
INSERT  INTO hg_horario_det ( hdet_id, tur_id, lug_id, gua_cedula, hdet_fecha_inicio, hdet_fecha_fin, hdet_hora_inicio, hdet_hora_fin, hdet_estado) values (default,2,12,'1001687951','2016-09-30','2016-09-30','00:00:00','00:00:00','A');
INSERT  INTO hg_horario_det ( hdet_id, tur_id, lug_id, gua_cedula, hdet_fecha_inicio, hdet_fecha_fin, hdet_hora_inicio, hdet_hora_fin, hdet_estado) values (default,3,9,'1001826740','2016-09-26','2016-09-26','00:00:00','00:00:00','A');
INSERT  INTO hg_horario_det ( hdet_id, tur_id, lug_id, gua_cedula, hdet_fecha_inicio, hdet_fecha_fin, hdet_hora_inicio, hdet_hora_fin, hdet_estado) values (default,3,9,'1001826740','2016-09-27','2016-09-27','00:00:00','00:00:00','A');
INSERT  INTO hg_horario_det ( hdet_id, tur_id, lug_id, gua_cedula, hdet_fecha_inicio, hdet_fecha_fin, hdet_hora_inicio, hdet_hora_fin, hdet_estado) values (default,2,9,'1001826740','2016-09-28','2016-09-28','00:00:00','00:00:00','A');
INSERT  INTO hg_horario_det ( hdet_id, tur_id, lug_id, gua_cedula, hdet_fecha_inicio, hdet_fecha_fin, hdet_hora_inicio, hdet_hora_fin, hdet_estado) values (default,1,9,'1001826740','2016-10-01','2016-10-01','00:00:00','00:00:00','A');
INSERT  INTO hg_horario_det ( hdet_id, tur_id, lug_id, gua_cedula, hdet_fecha_inicio, hdet_fecha_fin, hdet_hora_inicio, hdet_hora_fin, hdet_estado) values (default,1,9,'1001826740','2016-10-02','2016-10-02','00:00:00','00:00:00','A');
INSERT  INTO hg_horario_det ( hdet_id, tur_id, lug_id, gua_cedula, hdet_fecha_inicio, hdet_fecha_fin, hdet_hora_inicio, hdet_hora_fin, hdet_estado) values (default,3,10,'1001882057','2016-09-28','2016-09-28','00:00:00','00:00:00','A');
INSERT  INTO hg_horario_det ( hdet_id, tur_id, lug_id, gua_cedula, hdet_fecha_inicio, hdet_fecha_fin, hdet_hora_inicio, hdet_hora_fin, hdet_estado) values (default,3,10,'1001882057','2016-09-29','2016-09-29','00:00:00','00:00:00','A');
INSERT  INTO hg_horario_det ( hdet_id, tur_id, lug_id, gua_cedula, hdet_fecha_inicio, hdet_fecha_fin, hdet_hora_inicio, hdet_hora_fin, hdet_estado) values (default,3,10,'1001882057','2016-09-30','2016-09-30','00:00:00','00:00:00','A');
INSERT  INTO hg_horario_det ( hdet_id, tur_id, lug_id, gua_cedula, hdet_fecha_inicio, hdet_fecha_fin, hdet_hora_inicio, hdet_hora_fin, hdet_estado) values (default,2,1,'1001882057','2016-10-01','2016-10-01','00:00:00','00:00:00','A');
INSERT  INTO hg_horario_det ( hdet_id, tur_id, lug_id, gua_cedula, hdet_fecha_inicio, hdet_fecha_fin, hdet_hora_inicio, hdet_hora_fin, hdet_estado) values (default,3,12,'1001882057','2016-10-02','2016-10-02','00:00:00','00:00:00','A');
INSERT  INTO hg_horario_det ( hdet_id, tur_id, lug_id, gua_cedula, hdet_fecha_inicio, hdet_fecha_fin, hdet_hora_inicio, hdet_hora_fin, hdet_estado) values (default,1,10,'1002001962','2016-09-28','2016-09-28','00:00:00','00:00:00','A');
INSERT  INTO hg_horario_det ( hdet_id, tur_id, lug_id, gua_cedula, hdet_fecha_inicio, hdet_fecha_fin, hdet_hora_inicio, hdet_hora_fin, hdet_estado) values (default,2,5,'1002001962','2016-09-29','2016-09-29','00:00:00','00:00:00','A');
INSERT  INTO hg_horario_det ( hdet_id, tur_id, lug_id, gua_cedula, hdet_fecha_inicio, hdet_fecha_fin, hdet_hora_inicio, hdet_hora_fin, hdet_estado) values (default,1,4,'1002001962','2016-09-30','2016-09-30','00:00:00','00:00:00','A');
INSERT  INTO hg_horario_det ( hdet_id, tur_id, lug_id, gua_cedula, hdet_fecha_inicio, hdet_fecha_fin, hdet_hora_inicio, hdet_hora_fin, hdet_estado) values (default,3,8,'1002001962','2016-10-01','2016-10-01','00:00:00','00:00:00','A');
INSERT  INTO hg_horario_det ( hdet_id, tur_id, lug_id, gua_cedula, hdet_fecha_inicio, hdet_fecha_fin, hdet_hora_inicio, hdet_hora_fin, hdet_estado) values (default,3,8,'1002001962','2016-10-02','2016-10-02','00:00:00','00:00:00','A');
INSERT  INTO hg_horario_det ( hdet_id, tur_id, lug_id, gua_cedula, hdet_fecha_inicio, hdet_fecha_fin, hdet_hora_inicio, hdet_hora_fin, hdet_estado) values (default,3,16,'1002083390','2016-09-26','2016-09-26','00:00:00','00:00:00','A');
INSERT  INTO hg_horario_det ( hdet_id, tur_id, lug_id, gua_cedula, hdet_fecha_inicio, hdet_fecha_fin, hdet_hora_inicio, hdet_hora_fin, hdet_estado) values (default,1,12,'1002083390','2016-09-29','2016-09-29','00:00:00','00:00:00','A');
INSERT  INTO hg_horario_det ( hdet_id, tur_id, lug_id, gua_cedula, hdet_fecha_inicio, hdet_fecha_fin, hdet_hora_inicio, hdet_hora_fin, hdet_estado) values (default,2,16,'1002083390','2016-09-30','2016-09-30','00:00:00','00:00:00','A');
INSERT  INTO hg_horario_det ( hdet_id, tur_id, lug_id, gua_cedula, hdet_fecha_inicio, hdet_fecha_fin, hdet_hora_inicio, hdet_hora_fin, hdet_estado) values (default,1,16,'1002083390','2016-10-01','2016-10-01','00:00:00','00:00:00','A');
INSERT  INTO hg_horario_det ( hdet_id, tur_id, lug_id, gua_cedula, hdet_fecha_inicio, hdet_fecha_fin, hdet_hora_inicio, hdet_hora_fin, hdet_estado) values (default,3,16,'1002083390','2016-10-02','2016-10-02','00:00:00','00:00:00','A');
INSERT  INTO hg_horario_det ( hdet_id, tur_id, lug_id, gua_cedula, hdet_fecha_inicio, hdet_fecha_fin, hdet_hora_inicio, hdet_hora_fin, hdet_estado) values (default,2,1,'1002208393','2016-09-27','2016-09-27','00:00:00','00:00:00','A');
INSERT  INTO hg_horario_det ( hdet_id, tur_id, lug_id, gua_cedula, hdet_fecha_inicio, hdet_fecha_fin, hdet_hora_inicio, hdet_hora_fin, hdet_estado) values (default,1,13,'1002208393','2016-09-28','2016-09-28','00:00:00','00:00:00','A');
INSERT  INTO hg_horario_det ( hdet_id, tur_id, lug_id, gua_cedula, hdet_fecha_inicio, hdet_fecha_fin, hdet_hora_inicio, hdet_hora_fin, hdet_estado) values (default,3,12,'1002208393','2016-09-29','2016-09-29','00:00:00','00:00:00','A');
INSERT  INTO hg_horario_det ( hdet_id, tur_id, lug_id, gua_cedula, hdet_fecha_inicio, hdet_fecha_fin, hdet_hora_inicio, hdet_hora_fin, hdet_estado) values (default,2,13,'1002208393','2016-09-30','2016-09-30','00:00:00','00:00:00','A');
INSERT  INTO hg_horario_det ( hdet_id, tur_id, lug_id, gua_cedula, hdet_fecha_inicio, hdet_fecha_fin, hdet_hora_inicio, hdet_hora_fin, hdet_estado) values (default,1,12,'1002208393','2016-10-01','2016-10-01','00:00:00','00:00:00','A');
INSERT  INTO hg_horario_det ( hdet_id, tur_id, lug_id, gua_cedula, hdet_fecha_inicio, hdet_fecha_fin, hdet_hora_inicio, hdet_hora_fin, hdet_estado) values (default,2,12,'1002433595','2016-09-26','2016-09-26','00:00:00','00:00:00','A');
INSERT  INTO hg_horario_det ( hdet_id, tur_id, lug_id, gua_cedula, hdet_fecha_inicio, hdet_fecha_fin, hdet_hora_inicio, hdet_hora_fin, hdet_estado) values (default,1,11,'1002433595','2016-09-27','2016-09-27','00:00:00','00:00:00','A');
INSERT  INTO hg_horario_det ( hdet_id, tur_id, lug_id, gua_cedula, hdet_fecha_inicio, hdet_fecha_fin, hdet_hora_inicio, hdet_hora_fin, hdet_estado) values (default,3,12,'1002433595','2016-09-30','2016-09-30','00:00:00','00:00:00','A');
INSERT  INTO hg_horario_det ( hdet_id, tur_id, lug_id, gua_cedula, hdet_fecha_inicio, hdet_fecha_fin, hdet_hora_inicio, hdet_hora_fin, hdet_estado) values (default,2,12,'1002433595','2016-10-01','2016-10-01','00:00:00','00:00:00','A');
INSERT  INTO hg_horario_det ( hdet_id, tur_id, lug_id, gua_cedula, hdet_fecha_inicio, hdet_fecha_fin, hdet_hora_inicio, hdet_hora_fin, hdet_estado) values (default,1,12,'1002433595','2016-10-02','2016-10-02','00:00:00','00:00:00','A');
INSERT  INTO hg_horario_det ( hdet_id, tur_id, lug_id, gua_cedula, hdet_fecha_inicio, hdet_fecha_fin, hdet_hora_inicio, hdet_hora_fin, hdet_estado) values (default,3,12,'1002463758','2016-09-27','2016-09-27','00:00:00','00:00:00','A');
INSERT  INTO hg_horario_det ( hdet_id, tur_id, lug_id, gua_cedula, hdet_fecha_inicio, hdet_fecha_fin, hdet_hora_inicio, hdet_hora_fin, hdet_estado) values (default,3,9,'1002463758','2016-09-28','2016-09-28','00:00:00','00:00:00','A');
INSERT  INTO hg_horario_det ( hdet_id, tur_id, lug_id, gua_cedula, hdet_fecha_inicio, hdet_fecha_fin, hdet_hora_inicio, hdet_hora_fin, hdet_estado) values (default,2,12,'1002463758','2016-09-29','2016-09-29','00:00:00','00:00:00','A');
INSERT  INTO hg_horario_det ( hdet_id, tur_id, lug_id, gua_cedula, hdet_fecha_inicio, hdet_fecha_fin, hdet_hora_inicio, hdet_hora_fin, hdet_estado) values (default,1,16,'1002463758','2016-09-30','2016-09-30','00:00:00','00:00:00','A');
INSERT  INTO hg_horario_det ( hdet_id, tur_id, lug_id, gua_cedula, hdet_fecha_inicio, hdet_fecha_fin, hdet_hora_inicio, hdet_hora_fin, hdet_estado) values (default,3,12,'1002463758','2016-10-01','2016-10-01','00:00:00','00:00:00','A');
INSERT  INTO hg_horario_det ( hdet_id, tur_id, lug_id, gua_cedula, hdet_fecha_inicio, hdet_fecha_fin, hdet_hora_inicio, hdet_hora_fin, hdet_estado) values (default,2,15,'1002548970','2016-09-26','2016-09-26','00:00:00','00:00:00','A');
INSERT  INTO hg_horario_det ( hdet_id, tur_id, lug_id, gua_cedula, hdet_fecha_inicio, hdet_fecha_fin, hdet_hora_inicio, hdet_hora_fin, hdet_estado) values (default,3,15,'1002548970','2016-09-27','2016-09-27','00:00:00','00:00:00','A');
INSERT  INTO hg_horario_det ( hdet_id, tur_id, lug_id, gua_cedula, hdet_fecha_inicio, hdet_fecha_fin, hdet_hora_inicio, hdet_hora_fin, hdet_estado) values (default,2,15,'1002548970','2016-09-28','2016-09-28','00:00:00','00:00:00','A');
INSERT  INTO hg_horario_det ( hdet_id, tur_id, lug_id, gua_cedula, hdet_fecha_inicio, hdet_fecha_fin, hdet_hora_inicio, hdet_hora_fin, hdet_estado) values (default,1,15,'1002548970','2016-09-29','2016-09-29','00:00:00','00:00:00','A');
INSERT  INTO hg_horario_det ( hdet_id, tur_id, lug_id, gua_cedula, hdet_fecha_inicio, hdet_fecha_fin, hdet_hora_inicio, hdet_hora_fin, hdet_estado) values (default,3,15,'1002548970','2016-10-02','2016-10-02','00:00:00','00:00:00','A');
INSERT  INTO hg_horario_det ( hdet_id, tur_id, lug_id, gua_cedula, hdet_fecha_inicio, hdet_fecha_fin, hdet_hora_inicio, hdet_hora_fin, hdet_estado) values (default,1,15,'1002554283','2016-09-26','2016-09-26','00:00:00','00:00:00','A');
INSERT  INTO hg_horario_det ( hdet_id, tur_id, lug_id, gua_cedula, hdet_fecha_inicio, hdet_fecha_fin, hdet_hora_inicio, hdet_hora_fin, hdet_estado) values (default,1,15,'1002554283','2016-09-27','2016-09-27','00:00:00','00:00:00','A');
INSERT  INTO hg_horario_det ( hdet_id, tur_id, lug_id, gua_cedula, hdet_fecha_inicio, hdet_fecha_fin, hdet_hora_inicio, hdet_hora_fin, hdet_estado) values (default,3,15,'1002554283','2016-09-30','2016-09-30','00:00:00','00:00:00','A');
INSERT  INTO hg_horario_det ( hdet_id, tur_id, lug_id, gua_cedula, hdet_fecha_inicio, hdet_fecha_fin, hdet_hora_inicio, hdet_hora_fin, hdet_estado) values (default,3,15,'1002554283','2016-10-01','2016-10-01','00:00:00','00:00:00','A');
INSERT  INTO hg_horario_det ( hdet_id, tur_id, lug_id, gua_cedula, hdet_fecha_inicio, hdet_fecha_fin, hdet_hora_inicio, hdet_hora_fin, hdet_estado) values (default,2,15,'1002554283','2016-10-02','2016-10-02','00:00:00','00:00:00','A');
INSERT  INTO hg_horario_det ( hdet_id, tur_id, lug_id, gua_cedula, hdet_fecha_inicio, hdet_fecha_fin, hdet_hora_inicio, hdet_hora_fin, hdet_estado) values (default,3,11,'1002572228','2016-09-28','2016-09-28','00:00:00','00:00:00','A');
INSERT  INTO hg_horario_det ( hdet_id, tur_id, lug_id, gua_cedula, hdet_fecha_inicio, hdet_fecha_fin, hdet_hora_inicio, hdet_hora_fin, hdet_estado) values (default,2,11,'1002572228','2016-09-29','2016-09-29','00:00:00','00:00:00','A');
INSERT  INTO hg_horario_det ( hdet_id, tur_id, lug_id, gua_cedula, hdet_fecha_inicio, hdet_fecha_fin, hdet_hora_inicio, hdet_hora_fin, hdet_estado) values (default,2,11,'1002572228','2016-09-30','2016-09-30','00:00:00','00:00:00','A');
INSERT  INTO hg_horario_det ( hdet_id, tur_id, lug_id, gua_cedula, hdet_fecha_inicio, hdet_fecha_fin, hdet_hora_inicio, hdet_hora_fin, hdet_estado) values (default,1,11,'1002572228','2016-10-01','2016-10-01','00:00:00','00:00:00','A');
INSERT  INTO hg_horario_det ( hdet_id, tur_id, lug_id, gua_cedula, hdet_fecha_inicio, hdet_fecha_fin, hdet_hora_inicio, hdet_hora_fin, hdet_estado) values (default,3,5,'1002572228','2016-10-02','2016-10-02','00:00:00','00:00:00','A');
INSERT  INTO hg_horario_det ( hdet_id, tur_id, lug_id, gua_cedula, hdet_fecha_inicio, hdet_fecha_fin, hdet_hora_inicio, hdet_hora_fin, hdet_estado) values (default,3,8,'1002657995','2016-09-26','2016-09-26','00:00:00','00:00:00','A');
INSERT  INTO hg_horario_det ( hdet_id, tur_id, lug_id, gua_cedula, hdet_fecha_inicio, hdet_fecha_fin, hdet_hora_inicio, hdet_hora_fin, hdet_estado) values (default,3,8,'1002657995','2016-09-27','2016-09-27','00:00:00','00:00:00','A');
INSERT  INTO hg_horario_det ( hdet_id, tur_id, lug_id, gua_cedula, hdet_fecha_inicio, hdet_fecha_fin, hdet_hora_inicio, hdet_hora_fin, hdet_estado) values (default,3,8,'1002657995','2016-09-30','2016-09-30','00:00:00','00:00:00','A');
INSERT  INTO hg_horario_det ( hdet_id, tur_id, lug_id, gua_cedula, hdet_fecha_inicio, hdet_fecha_fin, hdet_hora_inicio, hdet_hora_fin, hdet_estado) values (default,2,8,'1002657995','2016-10-01','2016-10-01','00:00:00','00:00:00','A');
INSERT  INTO hg_horario_det ( hdet_id, tur_id, lug_id, gua_cedula, hdet_fecha_inicio, hdet_fecha_fin, hdet_hora_inicio, hdet_hora_fin, hdet_estado) values (default,1,5,'1002657995','2016-10-02','2016-10-02','00:00:00','00:00:00','A');
INSERT  INTO hg_horario_det ( hdet_id, tur_id, lug_id, gua_cedula, hdet_fecha_inicio, hdet_fecha_fin, hdet_hora_inicio, hdet_hora_fin, hdet_estado) values (default,2,10,'1002737342','2016-09-26','2016-09-26','00:00:00','00:00:00','A');
INSERT  INTO hg_horario_det ( hdet_id, tur_id, lug_id, gua_cedula, hdet_fecha_inicio, hdet_fecha_fin, hdet_hora_inicio, hdet_hora_fin, hdet_estado) values (default,2,10,'1002737342','2016-09-27','2016-09-27','00:00:00','00:00:00','A');
INSERT  INTO hg_horario_det ( hdet_id, tur_id, lug_id, gua_cedula, hdet_fecha_inicio, hdet_fecha_fin, hdet_hora_inicio, hdet_hora_fin, hdet_estado) values (default,1,11,'1002737342','2016-09-30','2016-09-30','00:00:00','00:00:00','A');
INSERT  INTO hg_horario_det ( hdet_id, tur_id, lug_id, gua_cedula, hdet_fecha_inicio, hdet_fecha_fin, hdet_hora_inicio, hdet_hora_fin, hdet_estado) values (default,2,10,'1002737342','2016-10-01','2016-10-01','00:00:00','00:00:00','A');
INSERT  INTO hg_horario_det ( hdet_id, tur_id, lug_id, gua_cedula, hdet_fecha_inicio, hdet_fecha_fin, hdet_hora_inicio, hdet_hora_fin, hdet_estado) values (default,1,10,'1002737342','2016-10-02','2016-10-02','00:00:00','00:00:00','A');
INSERT  INTO hg_horario_det ( hdet_id, tur_id, lug_id, gua_cedula, hdet_fecha_inicio, hdet_fecha_fin, hdet_hora_inicio, hdet_hora_fin, hdet_estado) values (default,1,5,'1002846416','2016-09-26','2016-09-26','00:00:00','00:00:00','A');
INSERT  INTO hg_horario_det ( hdet_id, tur_id, lug_id, gua_cedula, hdet_fecha_inicio, hdet_fecha_fin, hdet_hora_inicio, hdet_hora_fin, hdet_estado) values (default,3,5,'1002846416','2016-09-29','2016-09-29','00:00:00','00:00:00','A');
INSERT  INTO hg_horario_det ( hdet_id, tur_id, lug_id, gua_cedula, hdet_fecha_inicio, hdet_fecha_fin, hdet_hora_inicio, hdet_hora_fin, hdet_estado) values (default,3,1,'1002846416','2016-09-30','2016-09-30','00:00:00','00:00:00','A');
INSERT  INTO hg_horario_det ( hdet_id, tur_id, lug_id, gua_cedula, hdet_fecha_inicio, hdet_fecha_fin, hdet_hora_inicio, hdet_hora_fin, hdet_estado) values (default,2,2,'1002846416','2016-10-01','2016-10-01','00:00:00','00:00:00','A');
INSERT  INTO hg_horario_det ( hdet_id, tur_id, lug_id, gua_cedula, hdet_fecha_inicio, hdet_fecha_fin, hdet_hora_inicio, hdet_hora_fin, hdet_estado) values (default,1,2,'1002846416','2016-10-02','2016-10-02','00:00:00','00:00:00','A');
INSERT  INTO hg_horario_det ( hdet_id, tur_id, lug_id, gua_cedula, hdet_fecha_inicio, hdet_fecha_fin, hdet_hora_inicio, hdet_hora_fin, hdet_estado) values (default,1,3,'1002988309','2016-09-26','2016-09-26','00:00:00','00:00:00','A');
INSERT  INTO hg_horario_det ( hdet_id, tur_id, lug_id, gua_cedula, hdet_fecha_inicio, hdet_fecha_fin, hdet_hora_inicio, hdet_hora_fin, hdet_estado) values (default,1,3,'1002988309','2016-09-27','2016-09-27','00:00:00','00:00:00','A');
INSERT  INTO hg_horario_det ( hdet_id, tur_id, lug_id, gua_cedula, hdet_fecha_inicio, hdet_fecha_fin, hdet_hora_inicio, hdet_hora_fin, hdet_estado) values (default,1,3,'1002988309','2016-09-28','2016-09-28','00:00:00','00:00:00','A');
INSERT  INTO hg_horario_det ( hdet_id, tur_id, lug_id, gua_cedula, hdet_fecha_inicio, hdet_fecha_fin, hdet_hora_inicio, hdet_hora_fin, hdet_estado) values (default,1,3,'1002988309','2016-09-29','2016-09-29','00:00:00','00:00:00','A');
INSERT  INTO hg_horario_det ( hdet_id, tur_id, lug_id, gua_cedula, hdet_fecha_inicio, hdet_fecha_fin, hdet_hora_inicio, hdet_hora_fin, hdet_estado) values (default,1,3,'1002988309','2016-09-30','2016-09-30','00:00:00','00:00:00','A');
INSERT  INTO hg_horario_det ( hdet_id, tur_id, lug_id, gua_cedula, hdet_fecha_inicio, hdet_fecha_fin, hdet_hora_inicio, hdet_hora_fin, hdet_estado) values (default,2,1,'1003005137','2016-09-26','2016-09-26','00:00:00','00:00:00','A');
INSERT  INTO hg_horario_det ( hdet_id, tur_id, lug_id, gua_cedula, hdet_fecha_inicio, hdet_fecha_fin, hdet_hora_inicio, hdet_hora_fin, hdet_estado) values (default,3,1,'1003005137','2016-09-27','2016-09-27','00:00:00','00:00:00','A');
INSERT  INTO hg_horario_det ( hdet_id, tur_id, lug_id, gua_cedula, hdet_fecha_inicio, hdet_fecha_fin, hdet_hora_inicio, hdet_hora_fin, hdet_estado) values (default,2,8,'1003005137','2016-09-28','2016-09-28','00:00:00','00:00:00','A');
INSERT  INTO hg_horario_det ( hdet_id, tur_id, lug_id, gua_cedula, hdet_fecha_inicio, hdet_fecha_fin, hdet_hora_inicio, hdet_hora_fin, hdet_estado) values (default,1,1,'1003005137','2016-09-29','2016-09-29','00:00:00','00:00:00','A');
INSERT  INTO hg_horario_det ( hdet_id, tur_id, lug_id, gua_cedula, hdet_fecha_inicio, hdet_fecha_fin, hdet_hora_inicio, hdet_hora_fin, hdet_estado) values (default,3,5,'1003005137','2016-09-30','2016-09-30','00:00:00','00:00:00','A');
INSERT  INTO hg_horario_det ( hdet_id, tur_id, lug_id, gua_cedula, hdet_fecha_inicio, hdet_fecha_fin, hdet_hora_inicio, hdet_hora_fin, hdet_estado) values (default,3,14,'1003006150','2016-09-26','2016-09-26','00:00:00','00:00:00','A');
INSERT  INTO hg_horario_det ( hdet_id, tur_id, lug_id, gua_cedula, hdet_fecha_inicio, hdet_fecha_fin, hdet_hora_inicio, hdet_hora_fin, hdet_estado) values (default,1,14,'1003006150','2016-09-29','2016-09-29','00:00:00','00:00:00','A');
INSERT  INTO hg_horario_det ( hdet_id, tur_id, lug_id, gua_cedula, hdet_fecha_inicio, hdet_fecha_fin, hdet_hora_inicio, hdet_hora_fin, hdet_estado) values (default,3,14,'1003006150','2016-09-30','2016-09-30','00:00:00','00:00:00','A');
INSERT  INTO hg_horario_det ( hdet_id, tur_id, lug_id, gua_cedula, hdet_fecha_inicio, hdet_fecha_fin, hdet_hora_inicio, hdet_hora_fin, hdet_estado) values (default,2,5,'1003006150','2016-10-01','2016-10-01','00:00:00','00:00:00','A');
INSERT  INTO hg_horario_det ( hdet_id, tur_id, lug_id, gua_cedula, hdet_fecha_inicio, hdet_fecha_fin, hdet_hora_inicio, hdet_hora_fin, hdet_estado) values (default,1,14,'1003006150','2016-10-02','2016-10-02','00:00:00','00:00:00','A');
INSERT  INTO hg_horario_det ( hdet_id, tur_id, lug_id, gua_cedula, hdet_fecha_inicio, hdet_fecha_fin, hdet_hora_inicio, hdet_hora_fin, hdet_estado) values (default,2,14,'1003046701','2016-09-26','2016-09-26','00:00:00','00:00:00','A');
INSERT  INTO hg_horario_det ( hdet_id, tur_id, lug_id, gua_cedula, hdet_fecha_inicio, hdet_fecha_fin, hdet_hora_inicio, hdet_hora_fin, hdet_estado) values (default,3,14,'1003046701','2016-09-27','2016-09-27','00:00:00','00:00:00','A');
INSERT  INTO hg_horario_det ( hdet_id, tur_id, lug_id, gua_cedula, hdet_fecha_inicio, hdet_fecha_fin, hdet_hora_inicio, hdet_hora_fin, hdet_estado) values (default,2,14,'1003046701','2016-09-28','2016-09-28','00:00:00','00:00:00','A');
INSERT  INTO hg_horario_det ( hdet_id, tur_id, lug_id, gua_cedula, hdet_fecha_inicio, hdet_fecha_fin, hdet_hora_inicio, hdet_hora_fin, hdet_estado) values (default,1,15,'1003046701','2016-10-01','2016-10-01','00:00:00','00:00:00','A');
INSERT  INTO hg_horario_det ( hdet_id, tur_id, lug_id, gua_cedula, hdet_fecha_inicio, hdet_fecha_fin, hdet_hora_inicio, hdet_hora_fin, hdet_estado) values (default,3,14,'1003046701','2016-10-02','2016-10-02','00:00:00','00:00:00','A');
INSERT  INTO hg_horario_det ( hdet_id, tur_id, lug_id, gua_cedula, hdet_fecha_inicio, hdet_fecha_fin, hdet_hora_inicio, hdet_hora_fin, hdet_estado) values (default,2,4,'1003047634','2016-09-26','2016-09-26','00:00:00','00:00:00','A');
INSERT  INTO hg_horario_det ( hdet_id, tur_id, lug_id, gua_cedula, hdet_fecha_inicio, hdet_fecha_fin, hdet_hora_inicio, hdet_hora_fin, hdet_estado) values (default,3,4,'1003047634','2016-09-27','2016-09-27','00:00:00','00:00:00','A');
INSERT  INTO hg_horario_det ( hdet_id, tur_id, lug_id, gua_cedula, hdet_fecha_inicio, hdet_fecha_fin, hdet_hora_inicio, hdet_hora_fin, hdet_estado) values (default,2,4,'1003047634','2016-09-30','2016-09-30','00:00:00','00:00:00','A');
INSERT  INTO hg_horario_det ( hdet_id, tur_id, lug_id, gua_cedula, hdet_fecha_inicio, hdet_fecha_fin, hdet_hora_inicio, hdet_hora_fin, hdet_estado) values (default,1,4,'1003047634','2016-10-01','2016-10-01','00:00:00','00:00:00','A');
INSERT  INTO hg_horario_det ( hdet_id, tur_id, lug_id, gua_cedula, hdet_fecha_inicio, hdet_fecha_fin, hdet_hora_inicio, hdet_hora_fin, hdet_estado) values (default,3,4,'1003047634','2016-10-02','2016-10-02','00:00:00','00:00:00','A');
INSERT  INTO hg_horario_det ( hdet_id, tur_id, lug_id, gua_cedula, hdet_fecha_inicio, hdet_fecha_fin, hdet_hora_inicio, hdet_hora_fin, hdet_estado) values (default,3,5,'1003049820','2016-09-26','2016-09-26','00:00:00','00:00:00','A');
INSERT  INTO hg_horario_det ( hdet_id, tur_id, lug_id, gua_cedula, hdet_fecha_inicio, hdet_fecha_fin, hdet_hora_inicio, hdet_hora_fin, hdet_estado) values (default,2,4,'1003049820','2016-09-29','2016-09-29','00:00:00','00:00:00','A');
INSERT  INTO hg_horario_det ( hdet_id, tur_id, lug_id, gua_cedula, hdet_fecha_inicio, hdet_fecha_fin, hdet_hora_inicio, hdet_hora_fin, hdet_estado) values (default,1,5,'1003049820','2016-09-30','2016-09-30','00:00:00','00:00:00','A');
INSERT  INTO hg_horario_det ( hdet_id, tur_id, lug_id, gua_cedula, hdet_fecha_inicio, hdet_fecha_fin, hdet_hora_inicio, hdet_hora_fin, hdet_estado) values (default,3,5,'1003049820','2016-10-01','2016-10-01','00:00:00','00:00:00','A');
INSERT  INTO hg_horario_det ( hdet_id, tur_id, lug_id, gua_cedula, hdet_fecha_inicio, hdet_fecha_fin, hdet_hora_inicio, hdet_hora_fin, hdet_estado) values (default,2,12,'1003049820','2016-10-02','2016-10-02','00:00:00','00:00:00','A');
INSERT  INTO hg_horario_det ( hdet_id, tur_id, lug_id, gua_cedula, hdet_fecha_inicio, hdet_fecha_fin, hdet_hora_inicio, hdet_hora_fin, hdet_estado) values (default,2,6,'1003108634','2016-09-26','2016-09-26','00:00:00','00:00:00','A');
INSERT  INTO hg_horario_det ( hdet_id, tur_id, lug_id, gua_cedula, hdet_fecha_inicio, hdet_fecha_fin, hdet_hora_inicio, hdet_hora_fin, hdet_estado) values (default,1,6,'1003108634','2016-09-27','2016-09-27','00:00:00','00:00:00','A');
INSERT  INTO hg_horario_det ( hdet_id, tur_id, lug_id, gua_cedula, hdet_fecha_inicio, hdet_fecha_fin, hdet_hora_inicio, hdet_hora_fin, hdet_estado) values (default,2,6,'1003108634','2016-09-28','2016-09-28','00:00:00','00:00:00','A');
INSERT  INTO hg_horario_det ( hdet_id, tur_id, lug_id, gua_cedula, hdet_fecha_inicio, hdet_fecha_fin, hdet_hora_inicio, hdet_hora_fin, hdet_estado) values (default,1,5,'1003108634','2016-10-01','2016-10-01','00:00:00','00:00:00','A');
INSERT  INTO hg_horario_det ( hdet_id, tur_id, lug_id, gua_cedula, hdet_fecha_inicio, hdet_fecha_fin, hdet_hora_inicio, hdet_hora_fin, hdet_estado) values (default,2,9,'1003108634','2016-10-02','2016-10-02','00:00:00','00:00:00','A');
INSERT  INTO hg_horario_det ( hdet_id, tur_id, lug_id, gua_cedula, hdet_fecha_inicio, hdet_fecha_fin, hdet_hora_inicio, hdet_hora_fin, hdet_estado) values (default,1,14,'1003127857','2016-09-26','2016-09-26','00:00:00','00:00:00','A');
INSERT  INTO hg_horario_det ( hdet_id, tur_id, lug_id, gua_cedula, hdet_fecha_inicio, hdet_fecha_fin, hdet_hora_inicio, hdet_hora_fin, hdet_estado) values (default,2,14,'1003127857','2016-09-27','2016-09-27','00:00:00','00:00:00','A');
INSERT  INTO hg_horario_det ( hdet_id, tur_id, lug_id, gua_cedula, hdet_fecha_inicio, hdet_fecha_fin, hdet_hora_inicio, hdet_hora_fin, hdet_estado) values (default,3,14,'1003127857','2016-09-28','2016-09-28','00:00:00','00:00:00','A');
INSERT  INTO hg_horario_det ( hdet_id, tur_id, lug_id, gua_cedula, hdet_fecha_inicio, hdet_fecha_fin, hdet_hora_inicio, hdet_hora_fin, hdet_estado) values (default,2,14,'1003127857','2016-09-29','2016-09-29','00:00:00','00:00:00','A');
INSERT  INTO hg_horario_det ( hdet_id, tur_id, lug_id, gua_cedula, hdet_fecha_inicio, hdet_fecha_fin, hdet_hora_inicio, hdet_hora_fin, hdet_estado) values (default,1,14,'1003127857','2016-09-30','2016-09-30','00:00:00','00:00:00','A');
INSERT  INTO hg_horario_det ( hdet_id, tur_id, lug_id, gua_cedula, hdet_fecha_inicio, hdet_fecha_fin, hdet_hora_inicio, hdet_hora_fin, hdet_estado) values (default,1,9,'1003378807','2016-09-26','2016-09-26','00:00:00','00:00:00','A');
INSERT  INTO hg_horario_det ( hdet_id, tur_id, lug_id, gua_cedula, hdet_fecha_inicio, hdet_fecha_fin, hdet_hora_inicio, hdet_hora_fin, hdet_estado) values (default,2,9,'1003378807','2016-09-27','2016-09-27','00:00:00','00:00:00','A');
INSERT  INTO hg_horario_det ( hdet_id, tur_id, lug_id, gua_cedula, hdet_fecha_inicio, hdet_fecha_fin, hdet_hora_inicio, hdet_hora_fin, hdet_estado) values (default,3,1,'1003378807','2016-09-28','2016-09-28','00:00:00','00:00:00','A');
INSERT  INTO hg_horario_det ( hdet_id, tur_id, lug_id, gua_cedula, hdet_fecha_inicio, hdet_fecha_fin, hdet_hora_inicio, hdet_hora_fin, hdet_estado) values (default,3,9,'1003378807','2016-09-29','2016-09-29','00:00:00','00:00:00','A');
INSERT  INTO hg_horario_det ( hdet_id, tur_id, lug_id, gua_cedula, hdet_fecha_inicio, hdet_fecha_fin, hdet_hora_inicio, hdet_hora_fin, hdet_estado) values (default,1,11,'1003378807','2016-10-02','2016-10-02','00:00:00','00:00:00','A');
INSERT  INTO hg_horario_det ( hdet_id, tur_id, lug_id, gua_cedula, hdet_fecha_inicio, hdet_fecha_fin, hdet_hora_inicio, hdet_hora_fin, hdet_estado) values (default,1,9,'1003403548','2016-09-27','2016-09-27','00:00:00','00:00:00','A');
INSERT  INTO hg_horario_det ( hdet_id, tur_id, lug_id, gua_cedula, hdet_fecha_inicio, hdet_fecha_fin, hdet_hora_inicio, hdet_hora_fin, hdet_estado) values (default,1,6,'1003403548','2016-09-28','2016-09-28','00:00:00','00:00:00','A');
INSERT  INTO hg_horario_det ( hdet_id, tur_id, lug_id, gua_cedula, hdet_fecha_inicio, hdet_fecha_fin, hdet_hora_inicio, hdet_hora_fin, hdet_estado) values (default,3,8,'1003403548','2016-09-29','2016-09-29','00:00:00','00:00:00','A');
INSERT  INTO hg_horario_det ( hdet_id, tur_id, lug_id, gua_cedula, hdet_fecha_inicio, hdet_fecha_fin, hdet_hora_inicio, hdet_hora_fin, hdet_estado) values (default,2,9,'1003403548','2016-09-30','2016-09-30','00:00:00','00:00:00','A');
INSERT  INTO hg_horario_det ( hdet_id, tur_id, lug_id, gua_cedula, hdet_fecha_inicio, hdet_fecha_fin, hdet_hora_inicio, hdet_hora_fin, hdet_estado) values (default,3,9,'1003403548','2016-10-01','2016-10-01','00:00:00','00:00:00','A');
INSERT  INTO hg_horario_det ( hdet_id, tur_id, lug_id, gua_cedula, hdet_fecha_inicio, hdet_fecha_fin, hdet_hora_inicio, hdet_hora_fin, hdet_estado) values (default,2,5,'1003447230','2016-09-26','2016-09-26','00:00:00','00:00:00','A');
INSERT  INTO hg_horario_det ( hdet_id, tur_id, lug_id, gua_cedula, hdet_fecha_inicio, hdet_fecha_fin, hdet_hora_inicio, hdet_hora_fin, hdet_estado) values (default,2,4,'1003447230','2016-09-27','2016-09-27','00:00:00','00:00:00','A');
INSERT  INTO hg_horario_det ( hdet_id, tur_id, lug_id, gua_cedula, hdet_fecha_inicio, hdet_fecha_fin, hdet_hora_inicio, hdet_hora_fin, hdet_estado) values (default,1,5,'1003447230','2016-09-28','2016-09-28','00:00:00','00:00:00','A');
INSERT  INTO hg_horario_det ( hdet_id, tur_id, lug_id, gua_cedula, hdet_fecha_inicio, hdet_fecha_fin, hdet_hora_inicio, hdet_hora_fin, hdet_estado) values (default,3,6,'1003447230','2016-09-29','2016-09-29','00:00:00','00:00:00','A');
INSERT  INTO hg_horario_det ( hdet_id, tur_id, lug_id, gua_cedula, hdet_fecha_inicio, hdet_fecha_fin, hdet_hora_inicio, hdet_hora_fin, hdet_estado) values (default,1,16,'1003447230','2016-10-02','2016-10-02','00:00:00','00:00:00','A');
INSERT  INTO hg_horario_det ( hdet_id, tur_id, lug_id, gua_cedula, hdet_fecha_inicio, hdet_fecha_fin, hdet_hora_inicio, hdet_hora_fin, hdet_estado) values (default,2,9,'1003457585','2016-09-26','2016-09-26','00:00:00','00:00:00','A');
INSERT  INTO hg_horario_det ( hdet_id, tur_id, lug_id, gua_cedula, hdet_fecha_inicio, hdet_fecha_fin, hdet_hora_inicio, hdet_hora_fin, hdet_estado) values (default,3,10,'1003457585','2016-09-27','2016-09-27','00:00:00','00:00:00','A');
INSERT  INTO hg_horario_det ( hdet_id, tur_id, lug_id, gua_cedula, hdet_fecha_inicio, hdet_fecha_fin, hdet_hora_inicio, hdet_hora_fin, hdet_estado) values (default,1,9,'1003457585','2016-09-30','2016-09-30','00:00:00','00:00:00','A');
INSERT  INTO hg_horario_det ( hdet_id, tur_id, lug_id, gua_cedula, hdet_fecha_inicio, hdet_fecha_fin, hdet_hora_inicio, hdet_hora_fin, hdet_estado) values (default,2,9,'1003457585','2016-10-01','2016-10-01','00:00:00','00:00:00','A');
INSERT  INTO hg_horario_det ( hdet_id, tur_id, lug_id, gua_cedula, hdet_fecha_inicio, hdet_fecha_fin, hdet_hora_inicio, hdet_hora_fin, hdet_estado) values (default,3,10,'1003457585','2016-10-02','2016-10-02','00:00:00','00:00:00','A');
INSERT  INTO hg_horario_det ( hdet_id, tur_id, lug_id, gua_cedula, hdet_fecha_inicio, hdet_fecha_fin, hdet_hora_inicio, hdet_hora_fin, hdet_estado) values (default,3,2,'1003471735','2016-09-27','2016-09-27','00:00:00','00:00:00','A');
INSERT  INTO hg_horario_det ( hdet_id, tur_id, lug_id, gua_cedula, hdet_fecha_inicio, hdet_fecha_fin, hdet_hora_inicio, hdet_hora_fin, hdet_estado) values (default,2,1,'1003471735','2016-09-28','2016-09-28','00:00:00','00:00:00','A');
INSERT  INTO hg_horario_det ( hdet_id, tur_id, lug_id, gua_cedula, hdet_fecha_inicio, hdet_fecha_fin, hdet_hora_inicio, hdet_hora_fin, hdet_estado) values (default,2,8,'1003471735','2016-09-29','2016-09-29','00:00:00','00:00:00','A');
INSERT  INTO hg_horario_det ( hdet_id, tur_id, lug_id, gua_cedula, hdet_fecha_inicio, hdet_fecha_fin, hdet_hora_inicio, hdet_hora_fin, hdet_estado) values (default,2,5,'1003471735','2016-09-30','2016-09-30','00:00:00','00:00:00','A');
INSERT  INTO hg_horario_det ( hdet_id, tur_id, lug_id, gua_cedula, hdet_fecha_inicio, hdet_fecha_fin, hdet_hora_inicio, hdet_hora_fin, hdet_estado) values (default,1,2,'1003471735','2016-10-01','2016-10-01','00:00:00','00:00:00','A');
INSERT  INTO hg_horario_det ( hdet_id, tur_id, lug_id, gua_cedula, hdet_fecha_inicio, hdet_fecha_fin, hdet_hora_inicio, hdet_hora_fin, hdet_estado) values (default,1,1,'1003486964','2016-09-27','2016-09-27','00:00:00','00:00:00','A');
INSERT  INTO hg_horario_det ( hdet_id, tur_id, lug_id, gua_cedula, hdet_fecha_inicio, hdet_fecha_fin, hdet_hora_inicio, hdet_hora_fin, hdet_estado) values (default,1,1,'1003486964','2016-09-28','2016-09-28','00:00:00','00:00:00','A');
INSERT  INTO hg_horario_det ( hdet_id, tur_id, lug_id, gua_cedula, hdet_fecha_inicio, hdet_fecha_fin, hdet_hora_inicio, hdet_hora_fin, hdet_estado) values (default,3,1,'1003486964','2016-09-29','2016-09-29','00:00:00','00:00:00','A');
INSERT  INTO hg_horario_det ( hdet_id, tur_id, lug_id, gua_cedula, hdet_fecha_inicio, hdet_fecha_fin, hdet_hora_inicio, hdet_hora_fin, hdet_estado) values (default,2,1,'1003486964','2016-09-30','2016-09-30','00:00:00','00:00:00','A');
INSERT  INTO hg_horario_det ( hdet_id, tur_id, lug_id, gua_cedula, hdet_fecha_inicio, hdet_fecha_fin, hdet_hora_inicio, hdet_hora_fin, hdet_estado) values (default,1,1,'1003486964','2016-10-01','2016-10-01','00:00:00','00:00:00','A');
INSERT  INTO hg_horario_det ( hdet_id, tur_id, lug_id, gua_cedula, hdet_fecha_inicio, hdet_fecha_fin, hdet_hora_inicio, hdet_hora_fin, hdet_estado) values (default,3,11,'1003529003','2016-09-26','2016-09-26','00:00:00','00:00:00','A');
INSERT  INTO hg_horario_det ( hdet_id, tur_id, lug_id, gua_cedula, hdet_fecha_inicio, hdet_fecha_fin, hdet_hora_inicio, hdet_hora_fin, hdet_estado) values (default,3,16,'1003529003','2016-09-27','2016-09-27','00:00:00','00:00:00','A');
INSERT  INTO hg_horario_det ( hdet_id, tur_id, lug_id, gua_cedula, hdet_fecha_inicio, hdet_fecha_fin, hdet_hora_inicio, hdet_hora_fin, hdet_estado) values (default,1,13,'1003529003','2016-09-30','2016-09-30','00:00:00','00:00:00','A');
INSERT  INTO hg_horario_det ( hdet_id, tur_id, lug_id, gua_cedula, hdet_fecha_inicio, hdet_fecha_fin, hdet_hora_inicio, hdet_hora_fin, hdet_estado) values (default,3,16,'1003529003','2016-10-01','2016-10-01','00:00:00','00:00:00','A');
INSERT  INTO hg_horario_det ( hdet_id, tur_id, lug_id, gua_cedula, hdet_fecha_inicio, hdet_fecha_fin, hdet_hora_inicio, hdet_hora_fin, hdet_estado) values (default,2,11,'1003529003','2016-10-02','2016-10-02','00:00:00','00:00:00','A');
INSERT  INTO hg_horario_det ( hdet_id, tur_id, lug_id, gua_cedula, hdet_fecha_inicio, hdet_fecha_fin, hdet_hora_inicio, hdet_hora_fin, hdet_estado) values (default,1,12,'1003541933','2016-09-26','2016-09-26','00:00:00','00:00:00','A');
INSERT  INTO hg_horario_det ( hdet_id, tur_id, lug_id, gua_cedula, hdet_fecha_inicio, hdet_fecha_fin, hdet_hora_inicio, hdet_hora_fin, hdet_estado) values (default,1,5,'1003541933','2016-09-29','2016-09-29','00:00:00','00:00:00','A');
INSERT  INTO hg_horario_det ( hdet_id, tur_id, lug_id, gua_cedula, hdet_fecha_inicio, hdet_fecha_fin, hdet_hora_inicio, hdet_hora_fin, hdet_estado) values (default,3,13,'1003541933','2016-09-30','2016-09-30','00:00:00','00:00:00','A');
INSERT  INTO hg_horario_det ( hdet_id, tur_id, lug_id, gua_cedula, hdet_fecha_inicio, hdet_fecha_fin, hdet_hora_inicio, hdet_hora_fin, hdet_estado) values (default,3,14,'1003541933','2016-10-01','2016-10-01','00:00:00','00:00:00','A');
INSERT  INTO hg_horario_det ( hdet_id, tur_id, lug_id, gua_cedula, hdet_fecha_inicio, hdet_fecha_fin, hdet_hora_inicio, hdet_hora_fin, hdet_estado) values (default,2,2,'1003541933','2016-10-02','2016-10-02','00:00:00','00:00:00','A');
INSERT  INTO hg_horario_det ( hdet_id, tur_id, lug_id, gua_cedula, hdet_fecha_inicio, hdet_fecha_fin, hdet_hora_inicio, hdet_hora_fin, hdet_estado) values (default,1,11,'1003630678','2016-09-26','2016-09-26','00:00:00','00:00:00','A');
INSERT  INTO hg_horario_det ( hdet_id, tur_id, lug_id, gua_cedula, hdet_fecha_inicio, hdet_fecha_fin, hdet_hora_inicio, hdet_hora_fin, hdet_estado) values (default,3,11,'1003630678','2016-09-27','2016-09-27','00:00:00','00:00:00','A');
INSERT  INTO hg_horario_det ( hdet_id, tur_id, lug_id, gua_cedula, hdet_fecha_inicio, hdet_fecha_fin, hdet_hora_inicio, hdet_hora_fin, hdet_estado) values (default,3,4,'1003630678','2016-09-30','2016-09-30','00:00:00','00:00:00','A');
INSERT  INTO hg_horario_det ( hdet_id, tur_id, lug_id, gua_cedula, hdet_fecha_inicio, hdet_fecha_fin, hdet_hora_inicio, hdet_hora_fin, hdet_estado) values (default,3,3,'1003630678','2016-10-01','2016-10-01','00:00:00','00:00:00','A');
INSERT  INTO hg_horario_det ( hdet_id, tur_id, lug_id, gua_cedula, hdet_fecha_inicio, hdet_fecha_fin, hdet_hora_inicio, hdet_hora_fin, hdet_estado) values (default,2,12,'1003630678','2016-10-02','2016-10-02','00:00:00','00:00:00','A');
INSERT  INTO hg_horario_det ( hdet_id, tur_id, lug_id, gua_cedula, hdet_fecha_inicio, hdet_fecha_fin, hdet_hora_inicio, hdet_hora_fin, hdet_estado) values (default,3,10,'1003638168','2016-09-26','2016-09-26','00:00:00','00:00:00','A');
INSERT  INTO hg_horario_det ( hdet_id, tur_id, lug_id, gua_cedula, hdet_fecha_inicio, hdet_fecha_fin, hdet_hora_inicio, hdet_hora_fin, hdet_estado) values (default,2,10,'1003638168','2016-09-29','2016-09-29','00:00:00','00:00:00','A');
INSERT  INTO hg_horario_det ( hdet_id, tur_id, lug_id, gua_cedula, hdet_fecha_inicio, hdet_fecha_fin, hdet_hora_inicio, hdet_hora_fin, hdet_estado) values (default,2,8,'1003638168','2016-09-30','2016-09-30','00:00:00','00:00:00','A');
INSERT  INTO hg_horario_det ( hdet_id, tur_id, lug_id, gua_cedula, hdet_fecha_inicio, hdet_fecha_fin, hdet_hora_inicio, hdet_hora_fin, hdet_estado) values (default,1,10,'1003638168','2016-10-01','2016-10-01','00:00:00','00:00:00','A');
INSERT  INTO hg_horario_det ( hdet_id, tur_id, lug_id, gua_cedula, hdet_fecha_inicio, hdet_fecha_fin, hdet_hora_inicio, hdet_hora_fin, hdet_estado) values (default,3,9,'1003638168','2016-10-02','2016-10-02','00:00:00','00:00:00','A');
INSERT  INTO hg_horario_det ( hdet_id, tur_id, lug_id, gua_cedula, hdet_fecha_inicio, hdet_fecha_fin, hdet_hora_inicio, hdet_hora_fin, hdet_estado) values (default,3,2,'1003639117','2016-09-26','2016-09-26','00:00:00','00:00:00','A');
INSERT  INTO hg_horario_det ( hdet_id, tur_id, lug_id, gua_cedula, hdet_fecha_inicio, hdet_fecha_fin, hdet_hora_inicio, hdet_hora_fin, hdet_estado) values (default,2,8,'1003639117','2016-09-27','2016-09-27','00:00:00','00:00:00','A');
INSERT  INTO hg_horario_det ( hdet_id, tur_id, lug_id, gua_cedula, hdet_fecha_inicio, hdet_fecha_fin, hdet_hora_inicio, hdet_hora_fin, hdet_estado) values (default,1,9,'1003639117','2016-09-28','2016-09-28','00:00:00','00:00:00','A');
INSERT  INTO hg_horario_det ( hdet_id, tur_id, lug_id, gua_cedula, hdet_fecha_inicio, hdet_fecha_fin, hdet_hora_inicio, hdet_hora_fin, hdet_estado) values (default,1,2,'1003639117','2016-09-29','2016-09-29','00:00:00','00:00:00','A');
INSERT  INTO hg_horario_det ( hdet_id, tur_id, lug_id, gua_cedula, hdet_fecha_inicio, hdet_fecha_fin, hdet_hora_inicio, hdet_hora_fin, hdet_estado) values (default,2,3,'1003639117','2016-10-02','2016-10-02','00:00:00','00:00:00','A');
INSERT  INTO hg_horario_det ( hdet_id, tur_id, lug_id, gua_cedula, hdet_fecha_inicio, hdet_fecha_fin, hdet_hora_inicio, hdet_hora_fin, hdet_estado) values (default,1,10,'1003761002','2016-09-26','2016-09-26','00:00:00','00:00:00','A');
INSERT  INTO hg_horario_det ( hdet_id, tur_id, lug_id, gua_cedula, hdet_fecha_inicio, hdet_fecha_fin, hdet_hora_inicio, hdet_hora_fin, hdet_estado) values (default,1,14,'1003761002','2016-09-27','2016-09-27','00:00:00','00:00:00','A');
INSERT  INTO hg_horario_det ( hdet_id, tur_id, lug_id, gua_cedula, hdet_fecha_inicio, hdet_fecha_fin, hdet_hora_inicio, hdet_hora_fin, hdet_estado) values (default,3,9,'1003761002','2016-09-30','2016-09-30','00:00:00','00:00:00','A');
INSERT  INTO hg_horario_det ( hdet_id, tur_id, lug_id, gua_cedula, hdet_fecha_inicio, hdet_fecha_fin, hdet_hora_inicio, hdet_hora_fin, hdet_estado) values (default,3,10,'1003761002','2016-10-01','2016-10-01','00:00:00','00:00:00','A');
INSERT  INTO hg_horario_det ( hdet_id, tur_id, lug_id, gua_cedula, hdet_fecha_inicio, hdet_fecha_fin, hdet_hora_inicio, hdet_hora_fin, hdet_estado) values (default,2,10,'1003761002','2016-10-02','2016-10-02','00:00:00','00:00:00','A');
INSERT  INTO hg_horario_det ( hdet_id, tur_id, lug_id, gua_cedula, hdet_fecha_inicio, hdet_fecha_fin, hdet_hora_inicio, hdet_hora_fin, hdet_estado) values (default,2,11,'1003762612','2016-09-28','2016-09-28','00:00:00','00:00:00','A');
INSERT  INTO hg_horario_det ( hdet_id, tur_id, lug_id, gua_cedula, hdet_fecha_inicio, hdet_fecha_fin, hdet_hora_inicio, hdet_hora_fin, hdet_estado) values (default,1,11,'1003762612','2016-09-29','2016-09-29','00:00:00','00:00:00','A');
INSERT  INTO hg_horario_det ( hdet_id, tur_id, lug_id, gua_cedula, hdet_fecha_inicio, hdet_fecha_fin, hdet_hora_inicio, hdet_hora_fin, hdet_estado) values (default,3,11,'1003762612','2016-09-30','2016-09-30','00:00:00','00:00:00','A');
INSERT  INTO hg_horario_det ( hdet_id, tur_id, lug_id, gua_cedula, hdet_fecha_inicio, hdet_fecha_fin, hdet_hora_inicio, hdet_hora_fin, hdet_estado) values (default,2,11,'1003762612','2016-10-01','2016-10-01','00:00:00','00:00:00','A');
INSERT  INTO hg_horario_det ( hdet_id, tur_id, lug_id, gua_cedula, hdet_fecha_inicio, hdet_fecha_fin, hdet_hora_inicio, hdet_hora_fin, hdet_estado) values (default,3,11,'1003762612','2016-10-02','2016-10-02','00:00:00','00:00:00','A');
INSERT  INTO hg_horario_det ( hdet_id, tur_id, lug_id, gua_cedula, hdet_fecha_inicio, hdet_fecha_fin, hdet_hora_inicio, hdet_hora_fin, hdet_estado) values (default,2,8,'1003766167','2016-09-26','2016-09-26','00:00:00','00:00:00','A');
INSERT  INTO hg_horario_det ( hdet_id, tur_id, lug_id, gua_cedula, hdet_fecha_inicio, hdet_fecha_fin, hdet_hora_inicio, hdet_hora_fin, hdet_estado) values (default,2,5,'1003766167','2016-09-27','2016-09-27','00:00:00','00:00:00','A');
INSERT  INTO hg_horario_det ( hdet_id, tur_id, lug_id, gua_cedula, hdet_fecha_inicio, hdet_fecha_fin, hdet_hora_inicio, hdet_hora_fin, hdet_estado) values (default,2,16,'1003766167','2016-09-28','2016-09-28','00:00:00','00:00:00','A');
INSERT  INTO hg_horario_det ( hdet_id, tur_id, lug_id, gua_cedula, hdet_fecha_inicio, hdet_fecha_fin, hdet_hora_inicio, hdet_hora_fin, hdet_estado) values (default,1,9,'1003766167','2016-09-29','2016-09-29','00:00:00','00:00:00','A');
INSERT  INTO hg_horario_det ( hdet_id, tur_id, lug_id, gua_cedula, hdet_fecha_inicio, hdet_fecha_fin, hdet_hora_inicio, hdet_hora_fin, hdet_estado) values (default,1,5,'1003766167','2016-10-02','2016-10-02','00:00:00','00:00:00','A');
INSERT  INTO hg_horario_det ( hdet_id, tur_id, lug_id, gua_cedula, hdet_fecha_inicio, hdet_fecha_fin, hdet_hora_inicio, hdet_hora_fin, hdet_estado) values (default,3,6,'1003766175','2016-09-28','2016-09-28','00:00:00','00:00:00','A');
INSERT  INTO hg_horario_det ( hdet_id, tur_id, lug_id, gua_cedula, hdet_fecha_inicio, hdet_fecha_fin, hdet_hora_inicio, hdet_hora_fin, hdet_estado) values (default,2,6,'1003766175','2016-09-29','2016-09-29','00:00:00','00:00:00','A');
INSERT  INTO hg_horario_det ( hdet_id, tur_id, lug_id, gua_cedula, hdet_fecha_inicio, hdet_fecha_fin, hdet_hora_inicio, hdet_hora_fin, hdet_estado) values (default,1,6,'1003766175','2016-09-30','2016-09-30','00:00:00','00:00:00','A');
INSERT  INTO hg_horario_det ( hdet_id, tur_id, lug_id, gua_cedula, hdet_fecha_inicio, hdet_fecha_fin, hdet_hora_inicio, hdet_hora_fin, hdet_estado) values (default,1,6,'1003766175','2016-10-01','2016-10-01','00:00:00','00:00:00','A');
INSERT  INTO hg_horario_det ( hdet_id, tur_id, lug_id, gua_cedula, hdet_fecha_inicio, hdet_fecha_fin, hdet_hora_inicio, hdet_hora_fin, hdet_estado) values (default,3,8,'1003766175','2016-10-02','2016-10-02','00:00:00','00:00:00','A');
INSERT  INTO hg_horario_det ( hdet_id, tur_id, lug_id, gua_cedula, hdet_fecha_inicio, hdet_fecha_fin, hdet_hora_inicio, hdet_hora_fin, hdet_estado) values (default,3,6,'1003895727','2016-09-26','2016-09-26','00:00:00','00:00:00','A');
INSERT  INTO hg_horario_det ( hdet_id, tur_id, lug_id, gua_cedula, hdet_fecha_inicio, hdet_fecha_fin, hdet_hora_inicio, hdet_hora_fin, hdet_estado) values (default,1,6,'1003895727','2016-09-29','2016-09-29','00:00:00','00:00:00','A');
INSERT  INTO hg_horario_det ( hdet_id, tur_id, lug_id, gua_cedula, hdet_fecha_inicio, hdet_fecha_fin, hdet_hora_inicio, hdet_hora_fin, hdet_estado) values (default,3,6,'1003895727','2016-09-30','2016-09-30','00:00:00','00:00:00','A');
INSERT  INTO hg_horario_det ( hdet_id, tur_id, lug_id, gua_cedula, hdet_fecha_inicio, hdet_fecha_fin, hdet_hora_inicio, hdet_hora_fin, hdet_estado) values (default,2,6,'1003895727','2016-10-01','2016-10-01','00:00:00','00:00:00','A');
INSERT  INTO hg_horario_det ( hdet_id, tur_id, lug_id, gua_cedula, hdet_fecha_inicio, hdet_fecha_fin, hdet_hora_inicio, hdet_hora_fin, hdet_estado) values (default,3,6,'1003895727','2016-10-02','2016-10-02','00:00:00','00:00:00','A');
INSERT  INTO hg_horario_det ( hdet_id, tur_id, lug_id, gua_cedula, hdet_fecha_inicio, hdet_fecha_fin, hdet_hora_inicio, hdet_hora_fin, hdet_estado) values (default,2,3,'1003898093','2016-09-26','2016-09-26','00:00:00','00:00:00','A');
INSERT  INTO hg_horario_det ( hdet_id, tur_id, lug_id, gua_cedula, hdet_fecha_inicio, hdet_fecha_fin, hdet_hora_inicio, hdet_hora_fin, hdet_estado) values (default,1,3,'1003898093','2016-09-27','2016-09-27','00:00:00','00:00:00','A');
INSERT  INTO hg_horario_det ( hdet_id, tur_id, lug_id, gua_cedula, hdet_fecha_inicio, hdet_fecha_fin, hdet_hora_inicio, hdet_hora_fin, hdet_estado) values (default,1,3,'1003898093','2016-09-28','2016-09-28','00:00:00','00:00:00','A');
INSERT  INTO hg_horario_det ( hdet_id, tur_id, lug_id, gua_cedula, hdet_fecha_inicio, hdet_fecha_fin, hdet_hora_inicio, hdet_hora_fin, hdet_estado) values (default,1,3,'1003898093','2016-09-29','2016-09-29','00:00:00','00:00:00','A');
INSERT  INTO hg_horario_det ( hdet_id, tur_id, lug_id, gua_cedula, hdet_fecha_inicio, hdet_fecha_fin, hdet_hora_inicio, hdet_hora_fin, hdet_estado) values (default,3,3,'1003898093','2016-10-02','2016-10-02','00:00:00','00:00:00','A');
INSERT  INTO hg_horario_det ( hdet_id, tur_id, lug_id, gua_cedula, hdet_fecha_inicio, hdet_fecha_fin, hdet_hora_inicio, hdet_hora_fin, hdet_estado) values (default,2,3,'1003909924','2016-09-27','2016-09-27','00:00:00','00:00:00','A');
INSERT  INTO hg_horario_det ( hdet_id, tur_id, lug_id, gua_cedula, hdet_fecha_inicio, hdet_fecha_fin, hdet_hora_inicio, hdet_hora_fin, hdet_estado) values (default,3,3,'1003909924','2016-09-28','2016-09-28','00:00:00','00:00:00','A');
INSERT  INTO hg_horario_det ( hdet_id, tur_id, lug_id, gua_cedula, hdet_fecha_inicio, hdet_fecha_fin, hdet_hora_inicio, hdet_hora_fin, hdet_estado) values (default,2,3,'1003909924','2016-09-29','2016-09-29','00:00:00','00:00:00','A');
INSERT  INTO hg_horario_det ( hdet_id, tur_id, lug_id, gua_cedula, hdet_fecha_inicio, hdet_fecha_fin, hdet_hora_inicio, hdet_hora_fin, hdet_estado) values (default,1,3,'1003909924','2016-09-30','2016-09-30','00:00:00','00:00:00','A');
INSERT  INTO hg_horario_det ( hdet_id, tur_id, lug_id, gua_cedula, hdet_fecha_inicio, hdet_fecha_fin, hdet_hora_inicio, hdet_hora_fin, hdet_estado) values (default,1,3,'1003909924','2016-10-01','2016-10-01','00:00:00','00:00:00','A');
INSERT  INTO hg_horario_det ( hdet_id, tur_id, lug_id, gua_cedula, hdet_fecha_inicio, hdet_fecha_fin, hdet_hora_inicio, hdet_hora_fin, hdet_estado) values (default,2,11,'1003910443','2016-09-26','2016-09-26','00:00:00','00:00:00','A');
INSERT  INTO hg_horario_det ( hdet_id, tur_id, lug_id, gua_cedula, hdet_fecha_inicio, hdet_fecha_fin, hdet_hora_inicio, hdet_hora_fin, hdet_estado) values (default,2,11,'1003910443','2016-09-27','2016-09-27','00:00:00','00:00:00','A');
INSERT  INTO hg_horario_det ( hdet_id, tur_id, lug_id, gua_cedula, hdet_fecha_inicio, hdet_fecha_fin, hdet_hora_inicio, hdet_hora_fin, hdet_estado) values (default,1,11,'1003910443','2016-09-28','2016-09-28','00:00:00','00:00:00','A');
INSERT  INTO hg_horario_det ( hdet_id, tur_id, lug_id, gua_cedula, hdet_fecha_inicio, hdet_fecha_fin, hdet_hora_inicio, hdet_hora_fin, hdet_estado) values (default,1,16,'1003910443','2016-09-29','2016-09-29','00:00:00','00:00:00','A');
INSERT  INTO hg_horario_det ( hdet_id, tur_id, lug_id, gua_cedula, hdet_fecha_inicio, hdet_fecha_fin, hdet_hora_inicio, hdet_hora_fin, hdet_estado) values (default,1,1,'1003910443','2016-10-02','2016-10-02','00:00:00','00:00:00','A');
INSERT  INTO hg_horario_det ( hdet_id, tur_id, lug_id, gua_cedula, hdet_fecha_inicio, hdet_fecha_fin, hdet_hora_inicio, hdet_hora_fin, hdet_estado) values (default,1,3,'1003949474','2016-09-26','2016-09-26','00:00:00','00:00:00','A');
INSERT  INTO hg_horario_det ( hdet_id, tur_id, lug_id, gua_cedula, hdet_fecha_inicio, hdet_fecha_fin, hdet_hora_inicio, hdet_hora_fin, hdet_estado) values (default,3,3,'1003949474','2016-09-29','2016-09-29','00:00:00','00:00:00','A');
INSERT  INTO hg_horario_det ( hdet_id, tur_id, lug_id, gua_cedula, hdet_fecha_inicio, hdet_fecha_fin, hdet_hora_inicio, hdet_hora_fin, hdet_estado) values (default,2,3,'1003949474','2016-09-30','2016-09-30','00:00:00','00:00:00','A');
INSERT  INTO hg_horario_det ( hdet_id, tur_id, lug_id, gua_cedula, hdet_fecha_inicio, hdet_fecha_fin, hdet_hora_inicio, hdet_hora_fin, hdet_estado) values (default,2,3,'1003949474','2016-10-01','2016-10-01','00:00:00','00:00:00','A');
INSERT  INTO hg_horario_det ( hdet_id, tur_id, lug_id, gua_cedula, hdet_fecha_inicio, hdet_fecha_fin, hdet_hora_inicio, hdet_hora_fin, hdet_estado) values (default,1,3,'1003949474','2016-10-02','2016-10-02','00:00:00','00:00:00','A');
INSERT  INTO hg_horario_det ( hdet_id, tur_id, lug_id, gua_cedula, hdet_fecha_inicio, hdet_fecha_fin, hdet_hora_inicio, hdet_hora_fin, hdet_estado) values (default,2,2,'1004043954','2016-09-26','2016-09-26','00:00:00','00:00:00','A');
INSERT  INTO hg_horario_det ( hdet_id, tur_id, lug_id, gua_cedula, hdet_fecha_inicio, hdet_fecha_fin, hdet_hora_inicio, hdet_hora_fin, hdet_estado) values (default,1,2,'1004043954','2016-09-27','2016-09-27','00:00:00','00:00:00','A');
INSERT  INTO hg_horario_det ( hdet_id, tur_id, lug_id, gua_cedula, hdet_fecha_inicio, hdet_fecha_fin, hdet_hora_inicio, hdet_hora_fin, hdet_estado) values (default,1,2,'1004043954','2016-09-28','2016-09-28','00:00:00','00:00:00','A');
INSERT  INTO hg_horario_det ( hdet_id, tur_id, lug_id, gua_cedula, hdet_fecha_inicio, hdet_fecha_fin, hdet_hora_inicio, hdet_hora_fin, hdet_estado) values (default,3,2,'1004043954','2016-09-29','2016-09-29','00:00:00','00:00:00','A');
INSERT  INTO hg_horario_det ( hdet_id, tur_id, lug_id, gua_cedula, hdet_fecha_inicio, hdet_fecha_fin, hdet_hora_inicio, hdet_hora_fin, hdet_estado) values (default,3,2,'1004043954','2016-10-02','2016-10-02','00:00:00','00:00:00','A');
INSERT  INTO hg_horario_det ( hdet_id, tur_id, lug_id, gua_cedula, hdet_fecha_inicio, hdet_fecha_fin, hdet_hora_inicio, hdet_hora_fin, hdet_estado) values (default,1,14,'1004117048','2016-09-28','2016-09-28','00:00:00','00:00:00','A');
INSERT  INTO hg_horario_det ( hdet_id, tur_id, lug_id, gua_cedula, hdet_fecha_inicio, hdet_fecha_fin, hdet_hora_inicio, hdet_hora_fin, hdet_estado) values (default,3,14,'1004117048','2016-09-29','2016-09-29','00:00:00','00:00:00','A');
INSERT  INTO hg_horario_det ( hdet_id, tur_id, lug_id, gua_cedula, hdet_fecha_inicio, hdet_fecha_fin, hdet_hora_inicio, hdet_hora_fin, hdet_estado) values (default,2,14,'1004117048','2016-09-30','2016-09-30','00:00:00','00:00:00','A');
INSERT  INTO hg_horario_det ( hdet_id, tur_id, lug_id, gua_cedula, hdet_fecha_inicio, hdet_fecha_fin, hdet_hora_inicio, hdet_hora_fin, hdet_estado) values (default,1,14,'1004117048','2016-10-01','2016-10-01','00:00:00','00:00:00','A');
INSERT  INTO hg_horario_det ( hdet_id, tur_id, lug_id, gua_cedula, hdet_fecha_inicio, hdet_fecha_fin, hdet_hora_inicio, hdet_hora_fin, hdet_estado) values (default,2,14,'1004117048','2016-10-02','2016-10-02','00:00:00','00:00:00','A');
INSERT  INTO hg_horario_det ( hdet_id, tur_id, lug_id, gua_cedula, hdet_fecha_inicio, hdet_fecha_fin, hdet_hora_inicio, hdet_hora_fin, hdet_estado) values (default,3,12,'1004126742','2016-09-26','2016-09-26','00:00:00','00:00:00','A');
INSERT  INTO hg_horario_det ( hdet_id, tur_id, lug_id, gua_cedula, hdet_fecha_inicio, hdet_fecha_fin, hdet_hora_inicio, hdet_hora_fin, hdet_estado) values (default,2,16,'1004126742','2016-09-27','2016-09-27','00:00:00','00:00:00','A');
INSERT  INTO hg_horario_det ( hdet_id, tur_id, lug_id, gua_cedula, hdet_fecha_inicio, hdet_fecha_fin, hdet_hora_inicio, hdet_hora_fin, hdet_estado) values (default,3,16,'1004126742','2016-09-28','2016-09-28','00:00:00','00:00:00','A');
INSERT  INTO hg_horario_det ( hdet_id, tur_id, lug_id, gua_cedula, hdet_fecha_inicio, hdet_fecha_fin, hdet_hora_inicio, hdet_hora_fin, hdet_estado) values (default,2,12,'1004126742','2016-10-01','2016-10-01','00:00:00','00:00:00','A');
INSERT  INTO hg_horario_det ( hdet_id, tur_id, lug_id, gua_cedula, hdet_fecha_inicio, hdet_fecha_fin, hdet_hora_inicio, hdet_hora_fin, hdet_estado) values (default,1,13,'1004126742','2016-10-02','2016-10-02','00:00:00','00:00:00','A');
INSERT  INTO hg_horario_det ( hdet_id, tur_id, lug_id, gua_cedula, hdet_fecha_inicio, hdet_fecha_fin, hdet_hora_inicio, hdet_hora_fin, hdet_estado) values (default,1,6,'1004131668','2016-09-26','2016-09-26','00:00:00','00:00:00','A');
INSERT  INTO hg_horario_det ( hdet_id, tur_id, lug_id, gua_cedula, hdet_fecha_inicio, hdet_fecha_fin, hdet_hora_inicio, hdet_hora_fin, hdet_estado) values (default,3,6,'1004131668','2016-09-27','2016-09-27','00:00:00','00:00:00','A');
INSERT  INTO hg_horario_det ( hdet_id, tur_id, lug_id, gua_cedula, hdet_fecha_inicio, hdet_fecha_fin, hdet_hora_inicio, hdet_hora_fin, hdet_estado) values (default,2,6,'1004131668','2016-09-30','2016-09-30','00:00:00','00:00:00','A');
INSERT  INTO hg_horario_det ( hdet_id, tur_id, lug_id, gua_cedula, hdet_fecha_inicio, hdet_fecha_fin, hdet_hora_inicio, hdet_hora_fin, hdet_estado) values (default,3,6,'1004131668','2016-10-01','2016-10-01','00:00:00','00:00:00','A');
INSERT  INTO hg_horario_det ( hdet_id, tur_id, lug_id, gua_cedula, hdet_fecha_inicio, hdet_fecha_fin, hdet_hora_inicio, hdet_hora_fin, hdet_estado) values (default,2,6,'1004131668','2016-10-02','2016-10-02','00:00:00','00:00:00','A');
INSERT  INTO hg_horario_det ( hdet_id, tur_id, lug_id, gua_cedula, hdet_fecha_inicio, hdet_fecha_fin, hdet_hora_inicio, hdet_hora_fin, hdet_estado) values (default,1,10,'1004153928','2016-09-27','2016-09-27','00:00:00','00:00:00','A');
INSERT  INTO hg_horario_det ( hdet_id, tur_id, lug_id, gua_cedula, hdet_fecha_inicio, hdet_fecha_fin, hdet_hora_inicio, hdet_hora_fin, hdet_estado) values (default,2,10,'1004153928','2016-09-28','2016-09-28','00:00:00','00:00:00','A');
INSERT  INTO hg_horario_det ( hdet_id, tur_id, lug_id, gua_cedula, hdet_fecha_inicio, hdet_fecha_fin, hdet_hora_inicio, hdet_hora_fin, hdet_estado) values (default,3,11,'1004153928','2016-09-29','2016-09-29','00:00:00','00:00:00','A');
INSERT  INTO hg_horario_det ( hdet_id, tur_id, lug_id, gua_cedula, hdet_fecha_inicio, hdet_fecha_fin, hdet_hora_inicio, hdet_hora_fin, hdet_estado) values (default,2,10,'1004153928','2016-09-30','2016-09-30','00:00:00','00:00:00','A');
INSERT  INTO hg_horario_det ( hdet_id, tur_id, lug_id, gua_cedula, hdet_fecha_inicio, hdet_fecha_fin, hdet_hora_inicio, hdet_hora_fin, hdet_estado) values (default,3,1,'1004153928','2016-10-01','2016-10-01','00:00:00','00:00:00','A');
INSERT  INTO hg_horario_det ( hdet_id, tur_id, lug_id, gua_cedula, hdet_fecha_inicio, hdet_fecha_fin, hdet_hora_inicio, hdet_hora_fin, hdet_estado) values (default,3,1,'1004185342','2016-09-26','2016-09-26','00:00:00','00:00:00','A');
INSERT  INTO hg_horario_det ( hdet_id, tur_id, lug_id, gua_cedula, hdet_fecha_inicio, hdet_fecha_fin, hdet_hora_inicio, hdet_hora_fin, hdet_estado) values (default,3,5,'1004185342','2016-09-27','2016-09-27','00:00:00','00:00:00','A');
INSERT  INTO hg_horario_det ( hdet_id, tur_id, lug_id, gua_cedula, hdet_fecha_inicio, hdet_fecha_fin, hdet_hora_inicio, hdet_hora_fin, hdet_estado) values (default,2,5,'1004185342','2016-09-28','2016-09-28','00:00:00','00:00:00','A');
INSERT  INTO hg_horario_det ( hdet_id, tur_id, lug_id, gua_cedula, hdet_fecha_inicio, hdet_fecha_fin, hdet_hora_inicio, hdet_hora_fin, hdet_estado) values (default,3,2,'1004185342','2016-10-01','2016-10-01','00:00:00','00:00:00','A');
INSERT  INTO hg_horario_det ( hdet_id, tur_id, lug_id, gua_cedula, hdet_fecha_inicio, hdet_fecha_fin, hdet_hora_inicio, hdet_hora_fin, hdet_estado) values (default,3,1,'1004185342','2016-10-02','2016-10-02','00:00:00','00:00:00','A');
INSERT  INTO hg_horario_det ( hdet_id, tur_id, lug_id, gua_cedula, hdet_fecha_inicio, hdet_fecha_fin, hdet_hora_inicio, hdet_hora_fin, hdet_estado) values (default,1,13,'1004186548','2016-09-26','2016-09-26','00:00:00','00:00:00','A');
INSERT  INTO hg_horario_det ( hdet_id, tur_id, lug_id, gua_cedula, hdet_fecha_inicio, hdet_fecha_fin, hdet_hora_inicio, hdet_hora_fin, hdet_estado) values (default,1,12,'1004186548','2016-09-27','2016-09-27','00:00:00','00:00:00','A');
INSERT  INTO hg_horario_det ( hdet_id, tur_id, lug_id, gua_cedula, hdet_fecha_inicio, hdet_fecha_fin, hdet_hora_inicio, hdet_hora_fin, hdet_estado) values (default,1,12,'1004186548','2016-09-28','2016-09-28','00:00:00','00:00:00','A');
INSERT  INTO hg_horario_det ( hdet_id, tur_id, lug_id, gua_cedula, hdet_fecha_inicio, hdet_fecha_fin, hdet_hora_inicio, hdet_hora_fin, hdet_estado) values (default,3,13,'1004186548','2016-10-01','2016-10-01','00:00:00','00:00:00','A');
INSERT  INTO hg_horario_det ( hdet_id, tur_id, lug_id, gua_cedula, hdet_fecha_inicio, hdet_fecha_fin, hdet_hora_inicio, hdet_hora_fin, hdet_estado) values (default,2,13,'1004186548','2016-10-02','2016-10-02','00:00:00','00:00:00','A');
INSERT  INTO hg_horario_det ( hdet_id, tur_id, lug_id, gua_cedula, hdet_fecha_inicio, hdet_fecha_fin, hdet_hora_inicio, hdet_hora_fin, hdet_estado) values (default,1,13,'1004193908','2016-09-27','2016-09-27','00:00:00','00:00:00','A');
INSERT  INTO hg_horario_det ( hdet_id, tur_id, lug_id, gua_cedula, hdet_fecha_inicio, hdet_fecha_fin, hdet_hora_inicio, hdet_hora_fin, hdet_estado) values (default,3,13,'1004193908','2016-09-28','2016-09-28','00:00:00','00:00:00','A');
INSERT  INTO hg_horario_det ( hdet_id, tur_id, lug_id, gua_cedula, hdet_fecha_inicio, hdet_fecha_fin, hdet_hora_inicio, hdet_hora_fin, hdet_estado) values (default,2,13,'1004193908','2016-09-29','2016-09-29','00:00:00','00:00:00','A');
INSERT  INTO hg_horario_det ( hdet_id, tur_id, lug_id, gua_cedula, hdet_fecha_inicio, hdet_fecha_fin, hdet_hora_inicio, hdet_hora_fin, hdet_estado) values (default,2,16,'1004193908','2016-09-30','2016-09-30','00:00:00','00:00:00','A');
INSERT  INTO hg_horario_det ( hdet_id, tur_id, lug_id, gua_cedula, hdet_fecha_inicio, hdet_fecha_fin, hdet_hora_inicio, hdet_hora_fin, hdet_estado) values (default,1,8,'1004193908','2016-10-01','2016-10-01','00:00:00','00:00:00','A');
INSERT  INTO hg_horario_det ( hdet_id, tur_id, lug_id, gua_cedula, hdet_fecha_inicio, hdet_fecha_fin, hdet_hora_inicio, hdet_hora_fin, hdet_estado) values (default,3,15,'1004363188','2016-09-26','2016-09-26','00:00:00','00:00:00','A');
INSERT  INTO hg_horario_det ( hdet_id, tur_id, lug_id, gua_cedula, hdet_fecha_inicio, hdet_fecha_fin, hdet_hora_inicio, hdet_hora_fin, hdet_estado) values (default,2,15,'1004363188','2016-09-27','2016-09-27','00:00:00','00:00:00','A');
INSERT  INTO hg_horario_det ( hdet_id, tur_id, lug_id, gua_cedula, hdet_fecha_inicio, hdet_fecha_fin, hdet_hora_inicio, hdet_hora_fin, hdet_estado) values (default,3,15,'1004363188','2016-09-28','2016-09-28','00:00:00','00:00:00','A');
INSERT  INTO hg_horario_det ( hdet_id, tur_id, lug_id, gua_cedula, hdet_fecha_inicio, hdet_fecha_fin, hdet_hora_inicio, hdet_hora_fin, hdet_estado) values (default,2,15,'1004363188','2016-09-29','2016-09-29','00:00:00','00:00:00','A');
INSERT  INTO hg_horario_det ( hdet_id, tur_id, lug_id, gua_cedula, hdet_fecha_inicio, hdet_fecha_fin, hdet_hora_inicio, hdet_hora_fin, hdet_estado) values (default,1,15,'1004363188','2016-09-30','2016-09-30','00:00:00','00:00:00','A');
INSERT  INTO hg_horario_det ( hdet_id, tur_id, lug_id, gua_cedula, hdet_fecha_inicio, hdet_fecha_fin, hdet_hora_inicio, hdet_hora_fin, hdet_estado) values (default,3,4,'1004437859','2016-09-26','2016-09-26','00:00:00','00:00:00','A');
INSERT  INTO hg_horario_det ( hdet_id, tur_id, lug_id, gua_cedula, hdet_fecha_inicio, hdet_fecha_fin, hdet_hora_inicio, hdet_hora_fin, hdet_estado) values (default,2,6,'1004437859','2016-09-27','2016-09-27','00:00:00','00:00:00','A');
INSERT  INTO hg_horario_det ( hdet_id, tur_id, lug_id, gua_cedula, hdet_fecha_inicio, hdet_fecha_fin, hdet_hora_inicio, hdet_hora_fin, hdet_estado) values (default,3,4,'1004437859','2016-09-28','2016-09-28','00:00:00','00:00:00','A');
INSERT  INTO hg_horario_det ( hdet_id, tur_id, lug_id, gua_cedula, hdet_fecha_inicio, hdet_fecha_fin, hdet_hora_inicio, hdet_hora_fin, hdet_estado) values (default,2,4,'1004437859','2016-10-01','2016-10-01','00:00:00','00:00:00','A');
INSERT  INTO hg_horario_det ( hdet_id, tur_id, lug_id, gua_cedula, hdet_fecha_inicio, hdet_fecha_fin, hdet_hora_inicio, hdet_hora_fin, hdet_estado) values (default,1,4,'1004437859','2016-10-02','2016-10-02','00:00:00','00:00:00','A');
INSERT  INTO hg_horario_det ( hdet_id, tur_id, lug_id, gua_cedula, hdet_fecha_inicio, hdet_fecha_fin, hdet_hora_inicio, hdet_hora_fin, hdet_estado) values (default,1,4,'1004473490','2016-09-26','2016-09-26','00:00:00','00:00:00','A');
INSERT  INTO hg_horario_det ( hdet_id, tur_id, lug_id, gua_cedula, hdet_fecha_inicio, hdet_fecha_fin, hdet_hora_inicio, hdet_hora_fin, hdet_estado) values (default,1,4,'1004473490','2016-09-27','2016-09-27','00:00:00','00:00:00','A');
INSERT  INTO hg_horario_det ( hdet_id, tur_id, lug_id, gua_cedula, hdet_fecha_inicio, hdet_fecha_fin, hdet_hora_inicio, hdet_hora_fin, hdet_estado) values (default,1,4,'1004473490','2016-09-28','2016-09-28','00:00:00','00:00:00','A');
INSERT  INTO hg_horario_det ( hdet_id, tur_id, lug_id, gua_cedula, hdet_fecha_inicio, hdet_fecha_fin, hdet_hora_inicio, hdet_hora_fin, hdet_estado) values (default,3,4,'1004473490','2016-10-01','2016-10-01','00:00:00','00:00:00','A');
INSERT  INTO hg_horario_det ( hdet_id, tur_id, lug_id, gua_cedula, hdet_fecha_inicio, hdet_fecha_fin, hdet_hora_inicio, hdet_hora_fin, hdet_estado) values (default,2,4,'1004473490','2016-10-02','2016-10-02','00:00:00','00:00:00','A');
INSERT  INTO hg_horario_det ( hdet_id, tur_id, lug_id, gua_cedula, hdet_fecha_inicio, hdet_fecha_fin, hdet_hora_inicio, hdet_hora_fin, hdet_estado) values (default,1,1,'1004479075','2016-09-26','2016-09-26','00:00:00','00:00:00','A');
INSERT  INTO hg_horario_det ( hdet_id, tur_id, lug_id, gua_cedula, hdet_fecha_inicio, hdet_fecha_fin, hdet_hora_inicio, hdet_hora_fin, hdet_estado) values (default,1,2,'1004479075','2016-09-27','2016-09-27','00:00:00','00:00:00','A');
INSERT  INTO hg_horario_det ( hdet_id, tur_id, lug_id, gua_cedula, hdet_fecha_inicio, hdet_fecha_fin, hdet_hora_inicio, hdet_hora_fin, hdet_estado) values (default,3,2,'1004479075','2016-09-28','2016-09-28','00:00:00','00:00:00','A');
INSERT  INTO hg_horario_det ( hdet_id, tur_id, lug_id, gua_cedula, hdet_fecha_inicio, hdet_fecha_fin, hdet_hora_inicio, hdet_hora_fin, hdet_estado) values (default,2,9,'1004479075','2016-09-29','2016-09-29','00:00:00','00:00:00','A');
INSERT  INTO hg_horario_det ( hdet_id, tur_id, lug_id, gua_cedula, hdet_fecha_inicio, hdet_fecha_fin, hdet_hora_inicio, hdet_hora_fin, hdet_estado) values (default,2,1,'1004479075','2016-10-02','2016-10-02','00:00:00','00:00:00','A');
INSERT  INTO hg_horario_det ( hdet_id, tur_id, lug_id, gua_cedula, hdet_fecha_inicio, hdet_fecha_fin, hdet_hora_inicio, hdet_hora_fin, hdet_estado) values (default,3,13,'1501021958','2016-09-27','2016-09-27','00:00:00','00:00:00','A');
INSERT  INTO hg_horario_det ( hdet_id, tur_id, lug_id, gua_cedula, hdet_fecha_inicio, hdet_fecha_fin, hdet_hora_inicio, hdet_hora_fin, hdet_estado) values (default,2,16,'1501021958','2016-09-28','2016-09-28','00:00:00','00:00:00','A');
INSERT  INTO hg_horario_det ( hdet_id, tur_id, lug_id, gua_cedula, hdet_fecha_inicio, hdet_fecha_fin, hdet_hora_inicio, hdet_hora_fin, hdet_estado) values (default,3,13,'1501021958','2016-09-29','2016-09-29','00:00:00','00:00:00','A');
INSERT  INTO hg_horario_det ( hdet_id, tur_id, lug_id, gua_cedula, hdet_fecha_inicio, hdet_fecha_fin, hdet_hora_inicio, hdet_hora_fin, hdet_estado) values (default,3,2,'1501021958','2016-09-30','2016-09-30','00:00:00','00:00:00','A');
INSERT  INTO hg_horario_det ( hdet_id, tur_id, lug_id, gua_cedula, hdet_fecha_inicio, hdet_fecha_fin, hdet_hora_inicio, hdet_hora_fin, hdet_estado) values (default,2,13,'1501021958','2016-10-01','2016-10-01','00:00:00','00:00:00','A');
INSERT  INTO hg_horario_det ( hdet_id, tur_id, lug_id, gua_cedula, hdet_fecha_inicio, hdet_fecha_fin, hdet_hora_inicio, hdet_hora_fin, hdet_estado) values (default,2,13,'1715931265','2016-09-26','2016-09-26','00:00:00','00:00:00','A');
INSERT  INTO hg_horario_det ( hdet_id, tur_id, lug_id, gua_cedula, hdet_fecha_inicio, hdet_fecha_fin, hdet_hora_inicio, hdet_hora_fin, hdet_estado) values (default,2,13,'1715931265','2016-09-27','2016-09-27','00:00:00','00:00:00','A');
INSERT  INTO hg_horario_det ( hdet_id, tur_id, lug_id, gua_cedula, hdet_fecha_inicio, hdet_fecha_fin, hdet_hora_inicio, hdet_hora_fin, hdet_estado) values (default,2,13,'1715931265','2016-09-28','2016-09-28','00:00:00','00:00:00','A');
INSERT  INTO hg_horario_det ( hdet_id, tur_id, lug_id, gua_cedula, hdet_fecha_inicio, hdet_fecha_fin, hdet_hora_inicio, hdet_hora_fin, hdet_estado) values (default,1,13,'1715931265','2016-09-29','2016-09-29','00:00:00','00:00:00','A');
INSERT  INTO hg_horario_det ( hdet_id, tur_id, lug_id, gua_cedula, hdet_fecha_inicio, hdet_fecha_fin, hdet_hora_inicio, hdet_hora_fin, hdet_estado) values (default,3,13,'1715931265','2016-10-02','2016-10-02','00:00:00','00:00:00','A');
INSERT  INTO hg_horario_det ( hdet_id, tur_id, lug_id, gua_cedula, hdet_fecha_inicio, hdet_fecha_fin, hdet_hora_inicio, hdet_hora_fin, hdet_estado) values (default,1,15,'1721954806','2016-09-28','2016-09-28','00:00:00','00:00:00','A');
INSERT  INTO hg_horario_det ( hdet_id, tur_id, lug_id, gua_cedula, hdet_fecha_inicio, hdet_fecha_fin, hdet_hora_inicio, hdet_hora_fin, hdet_estado) values (default,3,15,'1721954806','2016-09-29','2016-09-29','00:00:00','00:00:00','A');
INSERT  INTO hg_horario_det ( hdet_id, tur_id, lug_id, gua_cedula, hdet_fecha_inicio, hdet_fecha_fin, hdet_hora_inicio, hdet_hora_fin, hdet_estado) values (default,2,15,'1721954806','2016-09-30','2016-09-30','00:00:00','00:00:00','A');
INSERT  INTO hg_horario_det ( hdet_id, tur_id, lug_id, gua_cedula, hdet_fecha_inicio, hdet_fecha_fin, hdet_hora_inicio, hdet_hora_fin, hdet_estado) values (default,2,15,'1721954806','2016-10-01','2016-10-01','00:00:00','00:00:00','A');
INSERT  INTO hg_horario_det ( hdet_id, tur_id, lug_id, gua_cedula, hdet_fecha_inicio, hdet_fecha_fin, hdet_hora_inicio, hdet_hora_fin, hdet_estado) values (default,1,15,'1721954806','2016-10-02','2016-10-02','00:00:00','00:00:00','A');
INSERT  INTO hg_horario_det ( hdet_id, tur_id, lug_id, gua_cedula, hdet_fecha_inicio, hdet_fecha_fin, hdet_hora_inicio, hdet_hora_fin, hdet_estado) values (default,3,3,'1721960415','2016-09-27','2016-09-27','00:00:00','00:00:00','A');
INSERT  INTO hg_horario_det ( hdet_id, tur_id, lug_id, gua_cedula, hdet_fecha_inicio, hdet_fecha_fin, hdet_hora_inicio, hdet_hora_fin, hdet_estado) values (default,2,3,'1721960415','2016-09-28','2016-09-28','00:00:00','00:00:00','A');
INSERT  INTO hg_horario_det ( hdet_id, tur_id, lug_id, gua_cedula, hdet_fecha_inicio, hdet_fecha_fin, hdet_hora_inicio, hdet_hora_fin, hdet_estado) values (default,2,2,'1721960415','2016-09-29','2016-09-29','00:00:00','00:00:00','A');
INSERT  INTO hg_horario_det ( hdet_id, tur_id, lug_id, gua_cedula, hdet_fecha_inicio, hdet_fecha_fin, hdet_hora_inicio, hdet_hora_fin, hdet_estado) values (default,1,2,'1721960415','2016-09-30','2016-09-30','00:00:00','00:00:00','A');
INSERT  INTO hg_horario_det ( hdet_id, tur_id, lug_id, gua_cedula, hdet_fecha_inicio, hdet_fecha_fin, hdet_hora_inicio, hdet_hora_fin, hdet_estado) values (default,1,2,'1721960415','2016-10-01','2016-10-01','00:00:00','00:00:00','A');
INSERT  INTO hg_horario_det ( hdet_id, tur_id, lug_id, gua_cedula, hdet_fecha_inicio, hdet_fecha_fin, hdet_hora_inicio, hdet_hora_fin, hdet_estado) values (default,1,16,'1723349039','2016-09-26','2016-09-26','00:00:00','00:00:00','A');
INSERT  INTO hg_horario_det ( hdet_id, tur_id, lug_id, gua_cedula, hdet_fecha_inicio, hdet_fecha_fin, hdet_hora_inicio, hdet_hora_fin, hdet_estado) values (default,1,7,'1723349039','2016-09-27','2016-09-27','00:00:00','00:00:00','A');
INSERT  INTO hg_horario_det ( hdet_id, tur_id, lug_id, gua_cedula, hdet_fecha_inicio, hdet_fecha_fin, hdet_hora_inicio, hdet_hora_fin, hdet_estado) values (default,1,7,'1723349039','2016-09-30','2016-09-30','00:00:00','00:00:00','A');
INSERT  INTO hg_horario_det ( hdet_id, tur_id, lug_id, gua_cedula, hdet_fecha_inicio, hdet_fecha_fin, hdet_hora_inicio, hdet_hora_fin, hdet_estado) values (default,1,7,'1723349039','2016-10-01','2016-10-01','00:00:00','00:00:00','A');
INSERT  INTO hg_horario_det ( hdet_id, tur_id, lug_id, gua_cedula, hdet_fecha_inicio, hdet_fecha_fin, hdet_hora_inicio, hdet_hora_fin, hdet_estado) values (default,1,7,'1723349039','2016-10-02','2016-10-02','00:00:00','00:00:00','A');
INSERT  INTO hg_horario_det ( hdet_id, tur_id, lug_id, gua_cedula, hdet_fecha_inicio, hdet_fecha_fin, hdet_hora_inicio, hdet_hora_fin, hdet_estado) values (default,1,1,'1723792691','2016-09-27','2016-09-27','00:00:00','00:00:00','A');
INSERT  INTO hg_horario_det ( hdet_id, tur_id, lug_id, gua_cedula, hdet_fecha_inicio, hdet_fecha_fin, hdet_hora_inicio, hdet_hora_fin, hdet_estado) values (default,2,12,'1723792691','2016-09-28','2016-09-28','00:00:00','00:00:00','A');
INSERT  INTO hg_horario_det ( hdet_id, tur_id, lug_id, gua_cedula, hdet_fecha_inicio, hdet_fecha_fin, hdet_hora_inicio, hdet_hora_fin, hdet_estado) values (default,2,16,'1723792691','2016-09-29','2016-09-29','00:00:00','00:00:00','A');
INSERT  INTO hg_horario_det ( hdet_id, tur_id, lug_id, gua_cedula, hdet_fecha_inicio, hdet_fecha_fin, hdet_hora_inicio, hdet_hora_fin, hdet_estado) values (default,1,1,'1723792691','2016-09-30','2016-09-30','00:00:00','00:00:00','A');
INSERT  INTO hg_horario_det ( hdet_id, tur_id, lug_id, gua_cedula, hdet_fecha_inicio, hdet_fecha_fin, hdet_hora_inicio, hdet_hora_fin, hdet_estado) values (default,1,13,'1723792691','2016-10-01','2016-10-01','00:00:00','00:00:00','A');
INSERT  INTO hg_horario_det ( hdet_id, tur_id, lug_id, gua_cedula, hdet_fecha_inicio, hdet_fecha_fin, hdet_hora_inicio, hdet_hora_fin, hdet_estado) values (default,3,3,'401431176','2016-09-26','2016-09-26','00:00:00','00:00:00','A');
INSERT  INTO hg_horario_det ( hdet_id, tur_id, lug_id, gua_cedula, hdet_fecha_inicio, hdet_fecha_fin, hdet_hora_inicio, hdet_hora_fin, hdet_estado) values (default,2,2,'401431176','2016-09-27','2016-09-27','00:00:00','00:00:00','A');
INSERT  INTO hg_horario_det ( hdet_id, tur_id, lug_id, gua_cedula, hdet_fecha_inicio, hdet_fecha_fin, hdet_hora_inicio, hdet_hora_fin, hdet_estado) values (default,2,2,'401431176','2016-09-28','2016-09-28','00:00:00','00:00:00','A');
INSERT  INTO hg_horario_det ( hdet_id, tur_id, lug_id, gua_cedula, hdet_fecha_inicio, hdet_fecha_fin, hdet_hora_inicio, hdet_hora_fin, hdet_estado) values (default,2,1,'401431176','2016-09-29','2016-09-29','00:00:00','00:00:00','A');
INSERT  INTO hg_horario_det ( hdet_id, tur_id, lug_id, gua_cedula, hdet_fecha_inicio, hdet_fecha_fin, hdet_hora_inicio, hdet_hora_fin, hdet_estado) values (default,3,3,'401431176','2016-09-30','2016-09-30','00:00:00','00:00:00','A');
INSERT  INTO hg_horario_det ( hdet_id, tur_id, lug_id, gua_cedula, hdet_fecha_inicio, hdet_fecha_fin, hdet_hora_inicio, hdet_hora_fin, hdet_estado) values (default,2,4,'1002769980','2016-09-28','2016-09-28','00:00:00','00:00:00','A');
INSERT  INTO hg_horario_det ( hdet_id, tur_id, lug_id, gua_cedula, hdet_fecha_inicio, hdet_fecha_fin, hdet_hora_inicio, hdet_hora_fin, hdet_estado) values (default,1,4,'1002769980','2016-09-29','2016-09-29','00:00:00','00:00:00','A');
INSERT  INTO hg_horario_det ( hdet_id, tur_id, lug_id, gua_cedula, hdet_fecha_inicio, hdet_fecha_fin, hdet_hora_inicio, hdet_hora_fin, hdet_estado) values (default,3,12,'1002769980','2016-09-30','2016-09-30','00:00:00','00:00:00','A');
INSERT  INTO hg_horario_det ( hdet_id, tur_id, lug_id, gua_cedula, hdet_fecha_inicio, hdet_fecha_fin, hdet_hora_inicio, hdet_hora_fin, hdet_estado) values (default,2,14,'1002769980','2016-10-01','2016-10-01','00:00:00','00:00:00','A');
INSERT  INTO hg_horario_det ( hdet_id, tur_id, lug_id, gua_cedula, hdet_fecha_inicio, hdet_fecha_fin, hdet_hora_inicio, hdet_hora_fin, hdet_estado) values (default,1,6,'1002769980','2016-10-02','2016-10-02','00:00:00','00:00:00','A');
INSERT  INTO hg_horario_det ( hdet_id, tur_id, lug_id, gua_cedula, hdet_fecha_inicio, hdet_fecha_fin, hdet_hora_inicio, hdet_hora_fin, hdet_estado) values (default,1,2,'1004025258','2016-09-26','2016-09-26','00:00:00','00:00:00','A');
INSERT  INTO hg_horario_det ( hdet_id, tur_id, lug_id, gua_cedula, hdet_fecha_inicio, hdet_fecha_fin, hdet_hora_inicio, hdet_hora_fin, hdet_estado) values (default,1,5,'1004025258','2016-09-27','2016-09-27','00:00:00','00:00:00','A');
INSERT  INTO hg_horario_det ( hdet_id, tur_id, lug_id, gua_cedula, hdet_fecha_inicio, hdet_fecha_fin, hdet_hora_inicio, hdet_hora_fin, hdet_estado) values (default,1,2,'1004025258','2016-09-28','2016-09-28','00:00:00','00:00:00','A');
INSERT  INTO hg_horario_det ( hdet_id, tur_id, lug_id, gua_cedula, hdet_fecha_inicio, hdet_fecha_fin, hdet_hora_inicio, hdet_hora_fin, hdet_estado) values (default,3,4,'1004025258','2016-09-29','2016-09-29','00:00:00','00:00:00','A');
INSERT  INTO hg_horario_det ( hdet_id, tur_id, lug_id, gua_cedula, hdet_fecha_inicio, hdet_fecha_fin, hdet_hora_inicio, hdet_hora_fin, hdet_estado) values (default,2,2,'1004025258','2016-09-30','2016-09-30','00:00:00','00:00:00','A');


INSERT  INTO hg_tipo_ausencia values (1, 'Vacación', 'Vacación');
INSERT  INTO hg_tipo_ausencia values (2, 'Enfermedad', 'Enfermedad');
INSERT  INTO hg_tipo_ausencia values (3, 'Comisión servicios', 'Comisión servicios');
INSERT  INTO hg_tipo_ausencia values (4, 'Falto', 'Falto');

INSERT  INTO hg_ausencias  values (1,'1003457585',1,'2016-11-16','2016-11-30','vacaciones');
INSERT  INTO hg_ausencias  values (2,'1003471735',1,'2016-11-16','2016-11-30','vacaciones');
INSERT  INTO hg_ausencias  values (3,'1004185342',1,'2016-11-16','2016-11-30','vacaciones');
INSERT  INTO hg_ausencias  values (4,'1001826740',1,'2016-11-16','2016-11-29','vacaciones');
INSERT  INTO hg_ausencias  values (5,'1003047634',1,'2016-11-16','2016-11-30','vacaciones');
INSERT  INTO hg_ausencias  values (6,'1004473490',1,'2016-11-16','2016-11-28','vacaciones');
INSERT  INTO hg_ausencias  values (7,'1002083390',1,'2016-11-16','2016-11-30','vacaciones');
INSERT  INTO hg_ausencias  values (8,'1002554283',1,'2016-11-16','2016-11-28','vacaciones');
INSERT  INTO hg_ausencias  values (9,'1002433595',1,'2016-11-16','2016-11-29','vacaciones');
INSERT  INTO hg_ausencias  values (10,'1004153928',1,'2016-11-16','2016-11-30','vacaciones');
INSERT  INTO hg_ausencias  values (11,'1004131668',1,'2016-11-16','2016-11-30','vacaciones');
INSERT  INTO hg_ausencias  values (12,'1723792691',1,'2016-11-16','2016-11-30','vacaciones');
INSERT  INTO hg_ausencias  values (13,'400833943',1,'2016-11-16','2016-11-28','vacaciones');
INSERT  INTO hg_ausencias  values (14,'1002657995',1,'2016-11-16','2016-11-29','vacaciones');
INSERT  INTO hg_ausencias  values (15,'1003006150',1,'2016-11-16','2016-11-29','vacaciones');
INSERT  INTO hg_ausencias  values (16,'1002737342',1,'2016-11-16','2016-11-30','vacaciones');
INSERT  INTO hg_ausencias  values (17,'1003949474',1,'2016-11-16','2016-11-30','vacaciones');
INSERT  INTO hg_ausencias  values (18,'1002463758',1,'2016-11-16','2016-11-30','vacaciones');
INSERT  INTO hg_ausencias  values (19,'1004437859',1,'2016-11-16','2016-11-24','vacaciones');
INSERT  INTO hg_ausencias  values (20,'1003761002',1,'2016-11-16','2016-11-29','vacaciones');
INSERT  INTO hg_ausencias  values (21,'1003910443',1,'2016-11-01','2016-11-14','vacaciones');
INSERT  INTO hg_ausencias  values (22,'1002208393',1,'2016-11-01','2016-11-14','vacaciones');
INSERT  INTO hg_ausencias  values (23,'1002548970',1,'2016-11-01','2016-11-14','vacaciones');
INSERT  INTO hg_ausencias  values (24,'1003046701',1,'2016-11-01','2016-11-15','vacaciones');
INSERT  INTO hg_ausencias  values (25,'1721960415',1,'2016-11-01','2016-11-15','vacaciones');
INSERT  INTO hg_ausencias  values (26,'1004479075',1,'2016-11-01','2016-11-13','vacaciones');
INSERT  INTO hg_ausencias  values (27,'1003909924',1,'2016-11-01','2016-11-15','vacaciones');
INSERT  INTO hg_ausencias  values (28,'1004043954',1,'2016-11-01','2016-11-15','vacaciones');
INSERT  INTO hg_ausencias  values (29,'1003447230',1,'2016-11-01','2016-11-15','vacaciones');
INSERT  INTO hg_ausencias  values (30,'1723349039',1,'2016-11-01','2016-11-13','vacaciones');
INSERT  INTO hg_ausencias  values (31,'1003005137',1,'2016-11-01','2016-11-15','vacaciones');
INSERT  INTO hg_ausencias  values (32,'401431176',1,'2016-11-01','2016-11-14','vacaciones');
INSERT  INTO hg_ausencias  values (33,'1501021958',1,'2016-11-01','2016-11-13','vacaciones');
INSERT  INTO hg_ausencias  values (34,'1001687951',1,'2016-11-01','2016-11-15','vacaciones');
INSERT  INTO hg_ausencias  values (64,'1003630678',1,'2016-11-01','2016-11-14','vacaciones');
INSERT  INTO hg_ausencias  values (65,'1004363188',1,'2016-11-01','2016-11-15','vacaciones');
INSERT  INTO hg_ausencias  values (66,'1003639117',1,'2016-11-01','2016-11-15','vacaciones');
INSERT  INTO hg_ausencias  values (67,'1003529003',1,'2016-11-01','2016-11-12','vacaciones');
INSERT  INTO hg_ausencias  values (68,'1003541933',1,'2016-11-01','2016-11-11','vacaciones');
INSERT  INTO hg_ausencias  values (69,'1003127857',1,'2016-11-01','2016-11-15','vacaciones');
INSERT  INTO hg_ausencias  values (70,'1721954806',1,'2016-11-01','2016-11-13','vacaciones');
